,Month,Year,Vehicle Category,Bidding Type,Quota,Successful Bids,Received Bids,Quota Premium,PQP,PQP 2024,Price in 2024
0,1,2014,Cat A,1,364.0,361.0,623.0,72369.0,76109,77555.071,73744.011
1,1,2014,Cat A,2,368.0,364.0,724.0,72290.0,76109,77555.071,73663.51
2,1,2014,Cat B,1,386.0,377.0,581.0,78700.0,82333,83897.32699999999,80195.29999999999
3,1,2014,Cat B,2,393.0,388.0,512.0,79000.0,82333,83897.32699999999,80500.99999999999
4,1,2014,Cat C,1,258.0,252.0,337.0,48889.0,58989,60109.791,49817.890999999996
5,1,2014,Cat C,2,264.0,249.0,356.0,50001.0,58989,60109.791,50951.01899999999
6,1,2014,Cat D,1,489.0,487.0,542.0,1989.0,1797,1831.1429999999998,2026.7909999999997
7,1,2014,Cat D,2,503.0,503.0,796.0,2704.0,1797,1831.1429999999998,2755.3759999999997
8,1,2014,Cat E,1,261.0,244.0,392.0,79000.0,0,0.0,80500.99999999999
9,1,2014,Cat E,2,261.0,259.0,373.0,78810.0,0,0.0,80307.39
10,2,2014,Cat A,1,362.0,356.0,719.0,71564.0,73237,74628.503,72923.716
11,2,2014,Cat A,2,362.0,358.0,700.0,77201.0,73237,74628.503,78667.81899999999
12,2,2014,Cat B,1,360.0,360.0,523.0,75300.0,78382,79871.25799999999,76730.7
13,2,2014,Cat B,2,355.0,353.0,519.0,78604.0,78382,79871.25799999999,80097.476
14,2,2014,Cat C,1,267.0,264.0,364.0,51002.0,51418,52394.941999999995,51971.03799999999
15,2,2014,Cat C,2,277.0,273.0,392.0,52890.0,51418,52394.941999999995,53894.909999999996
16,2,2014,Cat D,1,361.0,353.0,550.0,3051.0,1952,1989.0879999999997,3108.9689999999996
17,2,2014,Cat D,2,360.0,359.0,478.0,3501.0,1952,1989.0879999999997,3567.519
18,2,2014,Cat E,1,208.0,205.0,351.0,77003.0,0,0.0,78466.05699999999
19,2,2014,Cat E,2,193.0,191.0,321.0,79000.0,0,0.0,80500.99999999999
20,3,2014,Cat A,1,365.0,356.0,615.0,76999.0,73431,74826.189,78461.981
21,3,2014,Cat A,2,362.0,360.0,577.0,78602.0,73431,74826.189,80095.438
22,3,2014,Cat B,1,350.0,337.0,499.0,80710.0,76719,78176.661,82243.48999999999
23,3,2014,Cat B,2,353.0,352.0,524.0,82900.0,76719,78176.661,84475.09999999999
24,3,2014,Cat C,1,265.0,262.0,439.0,56302.0,50316,51272.00399999999,57371.738
25,3,2014,Cat C,2,266.0,256.0,356.0,53891.0,50316,51272.00399999999,54914.929
26,3,2014,Cat D,1,368.0,340.0,483.0,4001.0,2474,2521.006,4077.019
27,3,2014,Cat D,2,360.0,355.0,449.0,4289.0,2474,2521.006,4370.491
28,3,2014,Cat E,1,193.0,185.0,292.0,82000.0,0,0.0,83557.99999999999
29,3,2014,Cat E,2,193.0,192.0,293.0,84001.0,0,0.0,85597.01899999999
30,4,2014,Cat A,1,367.0,360.0,537.0,77400.0,74848,76270.112,78870.59999999999
31,4,2014,Cat A,2,361.0,357.0,513.0,71335.0,74838,76259.92199999999,72690.36499999999
32,4,2014,Cat B,1,363.0,363.0,523.0,84504.0,79203,80707.85699999999,86109.57599999999
33,4,2014,Cat B,2,351.0,349.0,486.0,75010.0,79203,80707.85699999999,76435.18999999999
34,4,2014,Cat C,1,265.0,261.0,303.0,49503.0,52163,53154.096999999994,50443.55699999999
35,4,2014,Cat C,2,272.0,266.0,392.0,32890.0,52163,53154.096999999994,33514.909999999996
36,4,2014,Cat D,1,388.0,388.0,520.0,4489.0,3256,3317.8639999999996,4574.290999999999
37,4,2014,Cat D,2,365.0,350.0,492.0,4502.0,3256,3317.8639999999996,4587.538
38,4,2014,Cat E,1,199.0,197.0,283.0,84100.0,0,0.0,85697.9
39,4,2014,Cat E,2,192.0,192.0,310.0,73810.0,0,0.0,75212.39
40,5,2014,Cat A,1,513.0,512.0,676.0,60002.0,75517,76951.82299999999,61142.03799999999
41,5,2014,Cat A,2,509.0,506.0,997.0,65689.0,75517,76951.82299999999,66937.091
42,5,2014,Cat B,1,483.0,472.0,778.0,70002.0,79505,81015.59499999999,71332.038
43,5,2014,Cat B,2,484.0,477.0,716.0,68103.0,79505,81015.59499999999,69396.957
44,5,2014,Cat C,1,389.0,389.0,715.0,36301.0,49413,50351.846999999994,36990.719
45,5,2014,Cat C,2,392.0,386.0,709.0,40889.0,49413,50351.846999999994,41665.890999999996
46,5,2014,Cat D,1,343.0,340.0,445.0,4001.0,3973,4048.4869999999996,4077.019
47,5,2014,Cat D,2,358.0,316.0,492.0,4003.0,3973,4048.4869999999996,4079.057
48,5,2014,Cat E,1,295.0,295.0,525.0,65501.0,0,0.0,66745.519
49,5,2014,Cat E,2,294.0,285.0,497.0,67290.0,0,0.0,68568.51
50,6,2014,Cat A,1,507.0,499.0,1040.0,63190.0,71672,73033.768,64390.60999999999
51,6,2014,Cat A,2,509.0,506.0,1040.0,61889.0,71672,73033.768,63064.890999999996
52,6,2014,Cat B,1,494.0,484.0,807.0,67304.0,76872,78332.568,68582.776
53,6,2014,Cat B,2,490.0,475.0,716.0,65700.0,76872,78332.568,66948.29999999999
54,6,2014,Cat C,1,385.0,378.0,617.0,43001.0,44963,45817.297,43818.01899999999
55,6,2014,Cat C,2,391.0,385.0,597.0,42001.0,44963,45817.297,42799.01899999999
56,6,2014,Cat D,1,346.0,346.0,449.0,4089.0,4215,4295.085,4166.691
57,6,2014,Cat D,2,385.0,381.0,503.0,3890.0,4215,4295.085,3963.91
58,6,2014,Cat E,1,293.0,292.0,465.0,67334.0,0,0.0,68613.34599999999
59,6,2014,Cat E,2,302.0,276.0,434.0,65301.0,0,0.0,66541.719
60,7,2014,Cat A,1,513.0,511.0,1075.0,61990.0,66586,67851.13399999999,63167.81
61,7,2014,Cat A,2,509.0,505.0,1190.0,62890.0,66586,67851.13399999999,64084.909999999996
62,7,2014,Cat B,1,493.0,491.0,812.0,64889.0,71771,73134.64899999999,66121.89099999999
63,7,2014,Cat B,2,498.0,497.0,850.0,65001.0,77771,79248.64899999999,66236.019
64,7,2014,Cat C,1,392.0,383.0,653.0,43390.0,40765,41539.534999999996,44214.409999999996
65,7,2014,Cat C,2,391.0,391.0,779.0,52010.0,40765,41539.534999999996,52998.189999999995
66,7,2014,Cat D,1,344.0,343.0,415.0,4001.0,4163,4242.097,4077.019
67,7,2014,Cat D,2,347.0,341.0,410.0,4252.0,4163,4242.097,4332.788
68,7,2014,Cat E,1,294.0,288.0,441.0,63001.0,0,0.0,64198.01899999999
69,7,2014,Cat E,2,319.0,317.0,483.0,65002.0,0,0.0,66237.038
70,8,2014,Cat A,1,574.0,574.0,1056.0,64600.0,62610,63799.59,65827.4
71,8,2014,Cat A,2,575.0,574.0,994.0,65710.0,62610,63799.59,66958.48999999999
72,8,2014,Cat B,1,507.0,501.0,1090.0,68689.0,66834,68103.84599999999,69994.091
73,8,2014,Cat B,2,506.0,502.0,1137.0,72990.0,66834,68103.84599999999,74376.81
74,8,2014,Cat C,1,267.0,267.0,519.0,54009.0,42932,43747.708,55035.170999999995
75,8,2014,Cat C,2,257.0,254.0,427.0,52390.0,42932,43747.708,53385.409999999996
76,8,2014,Cat D,1,316.0,315.0,360.0,4353.0,4040,4116.759999999999,4435.706999999999
77,8,2014,Cat D,2,322.0,317.0,361.0,4354.0,4040,4116.759999999999,4436.726
78,8,2014,Cat E,1,245.0,243.0,429.0,69001.0,0,0.0,70312.019
79,8,2014,Cat E,2,241.0,224.0,358.0,72810.0,0,0.0,74193.39
80,9,2014,Cat A,1,572.0,568.0,813.0,64861.0,63380,64584.219999999994,66093.359
81,9,2014,Cat A,2,573.0,573.0,792.0,62000.0,63380,64584.219999999994,63177.99999999999
82,9,2014,Cat B,1,511.0,511.0,909.0,73010.0,67429,68710.151,74397.18999999999
83,9,2014,Cat B,2,509.0,507.0,785.0,71990.0,67429,68710.151,73357.81
84,9,2014,Cat C,1,258.0,256.0,429.0,49901.0,47801,48709.219,50849.119
85,9,2014,Cat C,2,261.0,252.0,437.0,49889.0,47801,48709.219,50836.890999999996
86,9,2014,Cat D,1,316.0,316.0,382.0,4453.0,4157,4235.982999999999,4537.607
87,9,2014,Cat D,2,320.0,318.0,394.0,4504.0,4157,4235.982999999999,4589.576
88,9,2014,Cat E,1,241.0,235.0,385.0,74403.0,0,0.0,75816.65699999999
89,9,2014,Cat E,2,256.0,252.0,395.0,74801.0,0,0.0,76222.219
90,10,2014,Cat A,1,575.0,570.0,1097.0,63880.0,63672,64881.768,65093.719999999994
91,10,2014,Cat A,2,572.0,569.0,1092.0,63990.0,63672,64881.768,65205.80999999999
92,10,2014,Cat B,1,505.0,501.0,852.0,72180.0,69429,70748.151,73551.42
93,10,2014,Cat B,2,507.0,506.0,822.0,72002.0,69429,70748.151,73370.038
94,10,2014,Cat C,1,259.0,257.0,516.0,57389.0,50265,51220.034999999996,58479.390999999996
95,10,2014,Cat C,2,267.0,266.0,416.0,61000.0,50265,51220.034999999996,62158.99999999999
96,10,2014,Cat D,1,316.0,316.0,502.0,4800.0,4320,4402.08,4891.2
97,10,2014,Cat D,2,317.0,310.0,431.0,4412.0,4320,4402.08,4495.8279999999995
98,10,2014,Cat E,1,245.0,236.0,390.0,72003.0,0,0.0,73371.05699999999
99,10,2014,Cat E,2,242.0,242.0,335.0,72201.0,0,0.0,73572.81899999999
100,11,2014,Cat A,1,703.0,692.0,1196.0,64900.0,64171,65390.248999999996,66133.09999999999
101,11,2014,Cat A,2,701.0,694.0,1144.0,67889.0,64171,65390.248999999996,69178.89099999999
102,11,2014,Cat B,1,574.0,559.0,932.0,70890.0,71811,73175.409,72236.90999999999
103,11,2014,Cat B,2,570.0,560.0,900.0,72890.0,71811,73175.409,74274.90999999999
104,11,2014,Cat C,1,143.0,143.0,257.0,63701.0,54097,55124.84299999999,64911.318999999996
105,11,2014,Cat C,2,142.0,134.0,260.0,65001.0,54097,55124.84299999999,66236.019
106,11,2014,Cat D,1,316.0,315.0,380.0,4290.0,4480,4565.12,4371.509999999999
107,11,2014,Cat D,2,324.0,322.0,389.0,4189.0,4480,4565.12,4268.590999999999
108,11,2014,Cat E,1,272.0,271.0,403.0,71300.0,0,0.0,72654.7
109,11,2014,Cat E,2,263.0,263.0,382.0,73900.0,0,0.0,75304.09999999999
110,12,2014,Cat A,1,709.0,703.0,996.0,67089.0,64584,65811.09599999999,68363.69099999999
111,12,2014,Cat A,2,705.0,699.0,868.0,65889.0,64584,65811.09599999999,67140.89099999999
112,12,2014,Cat B,1,584.0,582.0,873.0,74389.0,72161,73532.059,75802.39099999999
113,12,2014,Cat B,2,579.0,572.0,755.0,74000.0,72161,73532.059,75406.0
114,12,2014,Cat C,1,141.0,126.0,196.0,60001.0,57814,58912.46599999999,61141.01899999999
115,12,2014,Cat C,2,149.0,149.0,268.0,52100.0,57814,58912.46599999999,53089.899999999994
116,12,2014,Cat D,1,318.0,314.0,392.0,4210.0,4442,4526.397999999999,4289.99
117,12,2014,Cat D,2,319.0,270.0,367.0,4312.0,4442,4526.397999999999,4393.928
118,12,2014,Cat E,1,265.0,257.0,370.0,76904.0,0,0.0,78365.17599999999
119,12,2014,Cat E,2,264.0,264.0,446.0,73990.0,0,0.0,75395.81
120,1,2015,Cat A,1,704.0,698.0,940.0,66010.0,65607,65935.03499999999,66340.04999999999
121,1,2015,Cat A,2,705.0,703.0,1068.0,65001.0,65607,65935.03499999999,65326.00499999999
122,1,2015,Cat B,1,571.0,570.0,833.0,75289.0,72726,73089.62999999999,75665.44499999999
123,1,2015,Cat B,2,576.0,576.0,915.0,76889.0,72726,73089.62999999999,77273.44499999999
124,1,2015,Cat C,1,156.0,155.0,296.0,55011.0,59866,60165.329999999994,55286.05499999999
125,1,2015,Cat C,2,140.0,139.0,247.0,55012.0,59866,60165.329999999994,55287.06
126,1,2015,Cat D,1,321.0,319.0,374.0,4403.0,4369,4390.844999999999,4425.014999999999
127,1,2015,Cat D,2,366.0,360.0,509.0,4889.0,4369,4390.844999999999,4913.445
128,1,2015,Cat E,1,272.0,265.0,386.0,75200.0,0,0.0,75575.99999999999
129,1,2015,Cat E,2,264.0,246.0,431.0,76790.0,0,0.0,77173.95
130,2,2015,Cat A,1,992.0,991.0,1295.0,62002.0,66130,66460.65,62312.009999999995
131,2,2015,Cat A,2,988.0,988.0,1294.0,57199.0,66130,66460.65,57484.994999999995
132,2,2015,Cat B,1,724.0,723.0,959.0,70890.0,74058,74428.29,71244.45
133,2,2015,Cat B,2,722.0,721.0,1037.0,66751.0,74058,74428.29,67084.75499999999
134,2,2015,Cat C,1,185.0,183.0,311.0,52101.0,58471,58763.354999999996,52361.505
135,2,2015,Cat C,2,185.0,185.0,333.0,53202.0,58471,58763.354999999996,53468.009999999995
136,2,2015,Cat D,1,287.0,283.0,384.0,5504.0,4383,4404.915,5531.5199999999995
137,2,2015,Cat D,2,291.0,290.0,396.0,5800.0,4383,4404.915,5828.999999999999
138,2,2015,Cat E,1,181.0,181.0,288.0,71921.0,0,0.0,72280.605
139,2,2015,Cat E,2,193.0,193.0,373.0,67901.0,0,0.0,68240.50499999999
140,3,2015,Cat A,1,987.0,986.0,2120.0,61410.0,63835,64154.174999999996,61717.049999999996
141,3,2015,Cat A,2,987.0,987.0,2251.0,64700.0,63835,64154.174999999996,65023.49999999999
142,3,2015,Cat B,1,723.0,723.0,1239.0,68668.0,73035,73400.17499999999,69011.34
143,3,2015,Cat B,2,723.0,717.0,1354.0,71889.0,73035,73400.17499999999,72248.44499999999
144,3,2015,Cat C,1,186.0,183.0,315.0,56501.0,54572,54844.85999999999,56783.505
145,3,2015,Cat C,2,184.0,175.0,345.0,59999.0,54572,54844.85999999999,60298.994999999995
146,3,2015,Cat D,1,289.0,288.0,343.0,5501.0,4853,4877.264999999999,5528.504999999999
147,3,2015,Cat D,2,286.0,286.0,385.0,5610.0,4853,4877.264999999999,5638.049999999999
148,3,2015,Cat E,1,175.0,162.0,322.0,70500.0,0,0.0,70852.49999999999
149,3,2015,Cat E,2,174.0,172.0,290.0,72100.0,0,0.0,72460.49999999999
150,4,2015,Cat A,1,988.0,970.0,2340.0,67749.0,62721,63034.604999999996,68087.745
151,4,2015,Cat A,2,987.0,979.0,2055.0,67601.0,62721,63034.604999999996,67939.00499999999
152,4,2015,Cat B,1,722.0,716.0,1661.0,76612.0,71730,72088.65,76995.06
153,4,2015,Cat B,2,728.0,708.0,1525.0,78001.0,71730,72088.65,78391.00499999999
154,4,2015,Cat C,1,188.0,183.0,290.0,64001.0,55305,55581.524999999994,64321.00499999999
155,4,2015,Cat C,2,194.0,192.0,284.0,53001.0,55305,55581.524999999994,53266.005
156,4,2015,Cat D,1,286.0,278.0,442.0,6312.0,5285,5311.424999999999,6343.5599999999995
157,4,2015,Cat D,2,285.0,277.0,376.0,6801.0,5285,5311.424999999999,6835.004999999999
158,4,2015,Cat E,1,187.0,165.0,311.0,78000.0,0,0.0,78389.99999999999
159,4,2015,Cat E,2,176.0,163.0,331.0,79500.0,0,0.0,79897.49999999999
160,5,2015,Cat A,1,1444.0,1438.0,2891.0,68589.0,63444,63761.219999999994,68931.94499999999
161,5,2015,Cat A,2,1434.0,1431.0,2351.0,66590.0,63444,63761.219999999994,66922.95
162,5,2015,Cat B,1,934.0,934.0,1631.0,77600.0,72136,72496.68,77987.99999999999
163,5,2015,Cat B,2,948.0,948.0,1401.0,75002.0,72136,72496.68,75377.01
164,5,2015,Cat C,1,373.0,370.0,545.0,50098.0,56468,56750.34,50348.49
165,5,2015,Cat C,2,370.0,365.0,546.0,52001.0,56468,56750.34,52261.005
166,5,2015,Cat D,1,334.0,321.0,462.0,6512.0,5922,5951.61,6544.5599999999995
167,5,2015,Cat D,2,334.0,298.0,433.0,6501.0,5922,5951.61,6533.504999999999
168,5,2015,Cat E,1,292.0,290.0,445.0,78004.0,0,0.0,78394.01999999999
169,5,2015,Cat E,2,283.0,281.0,364.0,78001.0,0,0.0,78391.00499999999
170,6,2015,Cat A,1,1432.0,1393.0,1943.0,66000.0,66107,66437.53499999999,66330.0
171,6,2015,Cat A,2,1429.0,1421.0,1766.0,61000.0,66107,66437.53499999999,61304.99999999999
172,6,2015,Cat B,1,929.0,923.0,1384.0,75000.0,74629,75002.14499999999,75374.99999999999
173,6,2015,Cat B,2,928.0,926.0,1144.0,71509.0,74629,75002.14499999999,71866.545
174,6,2015,Cat C,1,371.0,369.0,508.0,50900.0,55934,56213.66999999999,51154.49999999999
175,6,2015,Cat C,2,373.0,370.0,481.0,50502.0,55934,56213.66999999999,50754.509999999995
176,6,2015,Cat D,1,339.0,336.0,430.0,6509.0,6207,6238.034999999999,6541.544999999999
177,6,2015,Cat D,2,363.0,359.0,448.0,6401.0,6207,6238.034999999999,6433.004999999999
178,6,2015,Cat E,1,272.0,267.0,392.0,75801.0,0,0.0,76180.00499999999
179,6,2015,Cat E,2,272.0,269.0,373.0,74501.0,0,0.0,74873.50499999999
180,7,2015,Cat A,1,1466.0,1464.0,1891.0,58700.0,66255,66586.275,58993.49999999999
181,7,2015,Cat A,2,1435.0,1365.0,1966.0,55889.0,66255,66586.275,56168.44499999999
182,7,2015,Cat B,1,934.0,933.0,1225.0,65501.0,75621,75999.105,65828.50499999999
183,7,2015,Cat B,2,930.0,929.0,1218.0,58109.0,75621,75999.105,58399.54499999999
184,7,2015,Cat C,1,370.0,370.0,476.0,50001.0,53418,53685.09,50251.005
185,7,2015,Cat C,2,371.0,371.0,455.0,50002.0,53418,53685.09,50252.009999999995
186,7,2015,Cat D,1,330.0,328.0,425.0,6508.0,6506,6538.53,6540.539999999999
187,7,2015,Cat D,2,331.0,320.0,486.0,6312.0,6506,6538.53,6343.5599999999995
188,7,2015,Cat E,1,274.0,272.0,411.0,69001.0,0,0.0,69346.00499999999
189,7,2015,Cat E,2,272.0,270.0,441.0,60101.0,0,0.0,60401.50499999999
190,8,2015,Cat A,1,1688.0,1687.0,2446.0,56209.0,62795,63108.97499999999,56490.04499999999
191,8,2015,Cat A,2,1756.0,1756.0,2597.0,57498.0,62795,63108.97499999999,57785.48999999999
192,8,2015,Cat B,1,1057.0,1054.0,1634.0,60789.0,70454,70806.26999999999,61092.94499999999
193,8,2015,Cat B,2,1058.0,1056.0,1551.0,62140.0,70454,70806.26999999999,62450.69999999999
194,8,2015,Cat C,1,183.0,183.0,263.0,49302.0,50584,50836.91999999999,49548.509999999995
195,8,2015,Cat C,2,182.0,182.0,282.0,46501.0,50584,50836.91999999999,46733.505
196,8,2015,Cat D,1,356.0,356.0,418.0,6201.0,6458,6490.289999999999,6232.004999999999
197,8,2015,Cat D,2,366.0,319.0,527.0,6112.0,6458,6490.289999999999,6142.5599999999995
198,8,2015,Cat E,1,363.0,361.0,607.0,57885.0,0,0.0,58174.424999999996
199,8,2015,Cat E,2,363.0,356.0,609.0,61001.0,0,0.0,61306.00499999999
200,9,2015,Cat A,1,1688.0,1688.0,2553.0,57089.0,59216,59512.079999999994,57374.44499999999
201,9,2015,Cat A,2,1687.0,1684.0,2276.0,55399.0,59216,59512.079999999994,55675.994999999995
202,9,2015,Cat B,1,1059.0,1058.0,1628.0,62101.0,65508,65835.54,62411.50499999999
203,9,2015,Cat B,2,1058.0,1041.0,1371.0,60001.0,65508,65835.54,60301.00499999999
204,9,2015,Cat C,1,182.0,182.0,371.0,46801.0,49535,49782.674999999996,47035.005
205,9,2015,Cat C,2,182.0,172.0,356.0,45289.0,49535,49782.674999999996,45515.44499999999
206,9,2015,Cat D,1,355.0,310.0,473.0,6512.0,6341,6372.704999999999,6544.5599999999995
207,9,2015,Cat D,2,402.0,402.0,509.0,6158.0,6341,6372.704999999999,6188.789999999999
208,9,2015,Cat E,1,363.0,358.0,580.0,61010.0,0,0.0,61315.049999999996
209,9,2015,Cat E,2,368.0,368.0,542.0,61300.0,0,0.0,61606.49999999999
210,10,2015,Cat A,1,1687.0,1679.0,2210.0,56001.0,56789,57072.94499999999,56281.005
211,10,2015,Cat A,2,1690.0,1684.0,2229.0,57301.0,56789,57072.94499999999,57587.505
212,10,2015,Cat B,1,1057.0,1044.0,1373.0,58190.0,61441,61748.204999999994,58480.95
213,10,2015,Cat B,2,1073.0,1069.0,1367.0,59889.0,61441,61748.204999999994,60188.44499999999
214,10,2015,Cat C,1,182.0,181.0,331.0,44890.0,47983,48222.91499999999,45114.45
215,10,2015,Cat C,2,192.0,186.0,340.0,42303.0,47983,48222.91499999999,42514.51499999999
216,10,2015,Cat D,1,400.0,398.0,438.0,6201.0,6301,6332.504999999999,6232.004999999999
217,10,2015,Cat D,2,355.0,353.0,430.0,6302.0,6301,6332.504999999999,6333.509999999999
218,10,2015,Cat E,1,366.0,360.0,582.0,58801.0,0,0.0,59095.00499999999
219,10,2015,Cat E,2,361.0,356.0,584.0,60000.0,0,0.0,60299.99999999999
220,11,2015,Cat A,1,1664.0,1623.0,2009.0,56001.0,56583,56865.91499999999,56281.005
221,11,2015,Cat A,2,1662.0,1650.0,2140.0,59200.0,56583,56865.91499999999,59495.99999999999
222,11,2015,Cat B,1,1037.0,1031.0,1267.0,57501.0,60519,60821.594999999994,57788.505
223,11,2015,Cat B,2,1029.0,1026.0,1388.0,61103.0,60519,60821.594999999994,61408.51499999999
224,11,2015,Cat C,1,241.0,240.0,372.0,43809.0,45848,46077.24,44028.045
225,11,2015,Cat C,2,247.0,244.0,389.0,45890.0,45848,46077.24,46119.45
226,11,2015,Cat D,1,329.0,301.0,402.0,5912.0,6248,6279.24,5941.5599999999995
227,11,2015,Cat D,2,329.0,324.0,436.0,6502.0,6248,6279.24,6534.509999999999
228,11,2015,Cat E,1,367.0,363.0,505.0,60689.0,0,0.0,60992.44499999999
229,11,2015,Cat E,2,365.0,365.0,519.0,62019.0,0,0.0,62329.094999999994
230,12,2015,Cat A,1,1698.0,1696.0,2132.0,56989.0,56832,57116.159999999996,57273.94499999999
231,12,2015,Cat A,2,1669.0,1667.0,1978.0,54301.0,56832,57116.159999999996,54572.505
232,12,2015,Cat B,1,1031.0,1028.0,1324.0,60001.0,59798,60096.98999999999,60301.00499999999
233,12,2015,Cat B,2,1027.0,1025.0,1200.0,55001.0,59798,60096.98999999999,55276.005
234,12,2015,Cat C,1,241.0,236.0,345.0,48101.0,44831,45055.155,48341.505
235,12,2015,Cat C,2,244.0,243.0,311.0,46001.0,44831,45055.155,46231.005
236,12,2015,Cat D,1,355.0,354.0,414.0,6501.0,6265,6296.324999999999,6533.504999999999
237,12,2015,Cat D,2,332.0,332.0,394.0,6600.0,6265,6296.324999999999,6632.999999999999
238,12,2015,Cat E,1,364.0,362.0,495.0,60003.0,0,0.0,60303.01499999999
239,12,2015,Cat E,2,360.0,360.0,512.0,57501.0,0,0.0,57788.505
240,1,2016,Cat A,1,1659.0,1649.0,2013.0,45002.0,56633,57142.69699999999,45407.018
241,1,2016,Cat A,2,1659.0,1638.0,3437.0,51301.0,56633,57142.69699999999,51762.708999999995
242,1,2016,Cat B,1,1027.0,1019.0,1262.0,54920.0,58615,59142.534999999996,55414.27999999999
243,1,2016,Cat B,2,1026.0,1026.0,1334.0,50089.0,58615,59142.534999999996,50539.80099999999
244,1,2016,Cat C,1,246.0,245.0,353.0,42036.0,45166,45572.494,42414.32399999999
245,1,2016,Cat C,2,242.0,239.0,387.0,46502.0,45166,45572.494,46920.518
246,1,2016,Cat D,1,328.0,317.0,409.0,6889.0,6337,6394.032999999999,6951.000999999999
247,1,2016,Cat D,2,327.0,322.0,415.0,6512.0,6337,6394.032999999999,6570.607999999999
248,1,2016,Cat E,1,362.0,361.0,498.0,55089.0,0,0.0,55584.80099999999
249,1,2016,Cat E,2,360.0,350.0,713.0,51000.0,0,0.0,51458.99999999999
250,2,2016,Cat A,1,2038.0,2033.0,2972.0,46651.0,53799,54283.19099999999,47070.859
251,2,2016,Cat A,2,2049.0,2025.0,2965.0,43000.0,53799,54283.19099999999,43386.99999999999
252,2,2016,Cat B,1,1216.0,1216.0,1624.0,38610.0,56436,56943.92399999999,38957.49
253,2,2016,Cat B,2,1208.0,1197.0,2898.0,46970.0,56436,56943.92399999999,47392.729999999996
254,2,2016,Cat C,1,164.0,164.0,229.0,45036.0,45390,45798.509999999995,45441.32399999999
255,2,2016,Cat C,2,165.0,160.0,239.0,45001.0,45390,45798.509999999995,45406.009
256,2,2016,Cat D,1,368.0,368.0,495.0,6503.0,6486,6544.373999999999,6561.526999999999
257,2,2016,Cat D,2,362.0,361.0,454.0,6353.0,6486,6544.373999999999,6410.177
258,2,2016,Cat E,1,446.0,443.0,824.0,44001.0,0,0.0,44397.009
259,2,2016,Cat E,2,456.0,450.0,873.0,45009.0,0,0.0,45414.081
260,3,2016,Cat A,1,2033.0,1957.0,3518.0,45000.0,49541,49986.86899999999,45404.99999999999
261,3,2016,Cat A,2,2053.0,2020.0,3836.0,45504.0,49541,49986.86899999999,45913.53599999999
262,3,2016,Cat B,1,1209.0,1200.0,2706.0,47604.0,50932,51390.38799999999,48032.435999999994
263,3,2016,Cat B,2,1220.0,1218.0,2491.0,46502.0,50932,51390.38799999999,46920.518
264,3,2016,Cat C,1,162.0,160.0,259.0,48890.0,45447,45856.022999999994,49330.009999999995
265,3,2016,Cat C,2,167.0,166.0,226.0,46502.0,45447,45856.022999999994,46920.518
266,3,2016,Cat D,1,357.0,356.0,430.0,6503.0,6560,6619.039999999999,6561.526999999999
267,3,2016,Cat D,2,357.0,356.0,429.0,6589.0,6560,6619.039999999999,6648.3009999999995
268,3,2016,Cat E,1,449.0,312.0,951.0,48002.0,0,0.0,48434.018
269,3,2016,Cat E,2,452.0,445.0,912.0,46667.0,0,0.0,47087.003
270,4,2016,Cat A,1,2105.0,2103.0,3719.0,46009.0,46077,46491.69299999999,46423.081
271,4,2016,Cat A,2,2062.0,2061.0,3327.0,47300.0,46077,46491.69299999999,47725.7
272,4,2016,Cat B,1,1218.0,1218.0,2247.0,47000.0,47450,47877.049999999996,47422.99999999999
273,4,2016,Cat B,2,1211.0,1136.0,2364.0,49602.0,47450,47877.049999999996,50048.418
274,4,2016,Cat C,1,164.0,161.0,235.0,44213.0,45662,46072.958,44610.916999999994
275,4,2016,Cat C,2,163.0,162.0,241.0,43002.0,45662,46072.958,43389.018
276,4,2016,Cat D,1,357.0,356.0,455.0,6503.0,6559,6618.030999999999,6561.526999999999
277,4,2016,Cat D,2,357.0,341.0,437.0,6501.0,6559,6618.030999999999,6559.508999999999
278,4,2016,Cat E,1,583.0,346.0,1397.0,47510.0,0,0.0,47937.59
279,4,2016,Cat E,2,453.0,433.0,834.0,49501.0,0,0.0,49946.509
280,5,2016,Cat A,1,2218.0,2217.0,3446.0,47889.0,45578,45988.202,48320.001
281,5,2016,Cat A,2,2217.0,2182.0,3227.0,47020.0,45578,45988.202,47443.17999999999
282,5,2016,Cat B,1,1462.0,1454.0,2435.0,51010.0,46048,46462.43199999999,51469.09
283,5,2016,Cat B,2,1537.0,1536.0,2322.0,49156.0,46048,46462.43199999999,49598.403999999995
284,5,2016,Cat C,1,232.0,232.0,324.0,42302.0,45441,45849.969,42682.71799999999
285,5,2016,Cat C,2,229.0,229.0,355.0,43002.0,45441,45849.969,43389.018
286,5,2016,Cat D,1,399.0,389.0,519.0,6302.0,6492,6550.427999999999,6358.717999999999
287,5,2016,Cat D,2,414.0,389.0,500.0,6303.0,6492,6550.427999999999,6359.726999999999
288,5,2016,Cat E,1,750.0,728.0,1380.0,49000.0,0,0.0,49440.99999999999
289,5,2016,Cat E,2,534.0,510.0,815.0,49700.0,0,0.0,50147.299999999996
290,6,2016,Cat A,1,2218.0,2213.0,4545.0,53694.0,46454,46872.085999999996,54177.24599999999
291,6,2016,Cat A,2,2252.0,2197.0,3957.0,55200.0,46454,46872.085999999996,55696.799999999996
292,6,2016,Cat B,1,1470.0,1463.0,3436.0,56000.0,48479,48915.310999999994,56503.99999999999
293,6,2016,Cat B,2,1463.0,1462.0,2914.0,57010.0,48479,48915.310999999994,57523.09
294,6,2016,Cat C,1,228.0,219.0,347.0,46434.0,44652,45053.867999999995,46851.905999999995
295,6,2016,Cat C,2,228.0,226.0,342.0,48002.0,44652,45053.867999999995,48434.018
296,6,2016,Cat D,1,407.0,395.0,529.0,6302.0,6451,6509.058999999999,6358.717999999999
297,6,2016,Cat D,2,422.0,389.0,495.0,6303.0,6451,6509.058999999999,6359.726999999999
298,6,2016,Cat E,1,536.0,533.0,860.0,55100.0,0,0.0,55595.899999999994
299,6,2016,Cat E,2,538.0,531.0,1009.0,57390.0,0,0.0,57906.509999999995
300,7,2016,Cat A,1,2222.0,2212.0,3194.0,52301.0,49519,49964.670999999995,52771.708999999995
301,7,2016,Cat A,2,2272.0,2246.0,3195.0,53000.0,49519,49964.670999999995,53476.99999999999
302,7,2016,Cat B,1,1469.0,1469.0,2547.0,56089.0,51630,52094.67,56593.80099999999
303,7,2016,Cat B,2,1463.0,1463.0,2439.0,57508.0,51630,52094.67,58025.57199999999
304,7,2016,Cat C,1,237.0,235.0,310.0,47889.0,44493,44893.437,48320.001
305,7,2016,Cat C,2,230.0,225.0,344.0,49890.0,44493,44893.437,50339.009999999995
306,7,2016,Cat D,1,409.0,365.0,525.0,6012.0,6369,6426.320999999999,6066.107999999999
307,7,2016,Cat D,2,430.0,424.0,586.0,6302.0,6369,6426.320999999999,6358.717999999999
308,7,2016,Cat E,1,517.0,517.0,750.0,56002.0,0,0.0,56506.018
309,7,2016,Cat E,2,521.0,500.0,821.0,57501.0,0,0.0,58018.50899999999
310,8,2016,Cat A,1,2018.0,1959.0,2712.0,52503.0,51518,51981.662,52975.526999999995
311,8,2016,Cat A,2,2034.0,2034.0,2803.0,53334.0,51518,51981.662,53814.005999999994
312,8,2016,Cat B,1,1336.0,1300.0,2156.0,57903.0,54463,54953.166999999994,58424.12699999999
313,8,2016,Cat B,2,1336.0,1334.0,2088.0,56500.0,54463,54953.166999999994,57008.49999999999
314,8,2016,Cat C,1,177.0,177.0,245.0,48302.0,46254,46670.28599999999,48736.71799999999
315,8,2016,Cat C,2,180.0,178.0,236.0,48001.0,46254,46670.28599999999,48433.009
316,8,2016,Cat D,1,403.0,400.0,558.0,6206.0,6254,6310.285999999999,6261.853999999999
317,8,2016,Cat D,2,365.0,321.0,541.0,6352.0,6254,6310.285999999999,6409.168
318,8,2016,Cat E,1,429.0,400.0,610.0,58201.0,0,0.0,58724.808999999994
319,8,2016,Cat E,2,450.0,450.0,618.0,56956.0,0,0.0,57468.60399999999
320,9,2016,Cat A,1,2067.0,2011.0,2739.0,51506.0,53339,53819.05099999999,51969.554
321,9,2016,Cat A,2,2008.0,1993.0,2610.0,50000.0,53339,53819.05099999999,50449.99999999999
322,9,2016,Cat B,1,1372.0,1358.0,2183.0,57002.0,56835,57346.51499999999,57515.018
323,9,2016,Cat B,2,1338.0,1334.0,2017.0,55501.0,56835,57346.51499999999,56000.50899999999
324,9,2016,Cat C,1,175.0,175.0,260.0,49801.0,48047,48479.422999999995,50249.208999999995
325,9,2016,Cat C,2,177.0,165.0,237.0,49890.0,48047,48479.422999999995,50339.009999999995
326,9,2016,Cat D,1,362.0,334.0,521.0,6452.0,6247,6303.222999999999,6510.067999999999
327,9,2016,Cat D,2,403.0,402.0,478.0,6501.0,6247,6303.222999999999,6559.508999999999
328,9,2016,Cat E,1,458.0,450.0,723.0,56889.0,0,0.0,57401.001
329,9,2016,Cat E,2,429.0,429.0,592.0,55201.0,0,0.0,55697.808999999994
330,10,2016,Cat A,1,2064.0,1979.0,2938.0,51507.0,52108,52576.971999999994,51970.562999999995
331,10,2016,Cat A,2,2023.0,2021.0,2584.0,50991.0,52108,52576.971999999994,51449.918999999994
332,10,2016,Cat B,1,1350.0,1246.0,1785.0,53001.0,56751,57261.75899999999,53478.00899999999
333,10,2016,Cat B,2,1340.0,1329.0,1768.0,56410.0,56751,57261.75899999999,56917.689999999995
334,10,2016,Cat C,1,176.0,172.0,232.0,48702.0,48963,49403.666999999994,49140.31799999999
335,10,2016,Cat C,2,188.0,187.0,252.0,45589.0,48963,49403.666999999994,45999.30099999999
336,10,2016,Cat D,1,387.0,359.0,498.0,6353.0,6305,6361.744999999999,6410.177
337,10,2016,Cat D,2,360.0,356.0,430.0,6354.0,6305,6361.744999999999,6411.186
338,10,2016,Cat E,1,436.0,435.0,642.0,54200.0,0,0.0,54687.799999999996
339,10,2016,Cat E,2,429.0,428.0,678.0,56340.0,0,0.0,56847.06
340,11,2016,Cat A,1,1929.0,1929.0,2800.0,52668.0,51641,52105.76899999999,53142.011999999995
341,11,2016,Cat A,2,1846.0,1846.0,2536.0,50951.0,54641,55132.76899999999,51409.558999999994
342,11,2016,Cat B,1,1347.0,1345.0,2012.0,56206.0,56053,56557.47699999999,56711.85399999999
343,11,2016,Cat B,2,1254.0,1253.0,1708.0,53001.0,56053,56557.47699999999,53478.00899999999
344,11,2016,Cat C,1,185.0,181.0,283.0,48001.0,48381,48816.429,48433.009
345,11,2016,Cat C,2,182.0,181.0,286.0,49002.0,48381,48816.429,49443.018
346,11,2016,Cat D,1,399.0,396.0,457.0,6311.0,6370,6427.329999999999,6367.798999999999
347,11,2016,Cat D,2,375.0,331.0,520.0,6212.0,6370,6427.329999999999,6267.907999999999
348,11,2016,Cat E,1,401.0,388.0,641.0,56000.0,0,0.0,56503.99999999999
349,11,2016,Cat E,2,401.0,397.0,531.0,54901.0,0,0.0,55395.109
350,12,2016,Cat A,1,1844.0,1812.0,2335.0,48000.0,51271,51732.43899999999,48431.99999999999
351,12,2016,Cat A,2,1844.0,1843.0,2554.0,49751.0,51271,51732.43899999999,50198.759
352,12,2016,Cat B,1,1245.0,1237.0,1494.0,46229.0,55187,55683.683,46645.060999999994
353,12,2016,Cat B,2,1244.0,1242.0,2052.0,51109.0,55187,55683.683,51568.98099999999
354,12,2016,Cat C,1,185.0,183.0,262.0,51209.0,48498,48934.481999999996,51669.880999999994
355,12,2016,Cat C,2,182.0,176.0,274.0,49500.0,48498,48934.481999999996,49945.49999999999
356,12,2016,Cat D,1,374.0,368.0,436.0,6113.0,6364,6421.275999999999,6168.016999999999
357,12,2016,Cat D,2,415.0,408.0,484.0,6101.0,6364,6421.275999999999,6155.909
358,12,2016,Cat E,1,413.0,411.0,643.0,50010.0,0,0.0,50460.09
359,12,2016,Cat E,2,404.0,404.0,668.0,50389.0,0,0.0,50842.501
360,1,2017,Cat A,1,1877.0,1870.0,2260.0,50101.0,50645,51404.674999999996,50852.51499999999
361,1,2017,Cat A,2,1846.0,1766.0,2437.0,50889.0,50645,51404.674999999996,51652.33499999999
362,1,2017,Cat B,1,1252.0,1243.0,1835.0,53106.0,52660,53449.899999999994,53902.59
363,1,2017,Cat B,2,1246.0,1226.0,1967.0,52807.0,52660,53449.899999999994,53599.104999999996
364,1,2017,Cat C,1,183.0,180.0,271.0,46302.0,48668,49398.02,46996.53
365,1,2017,Cat C,2,186.0,173.0,254.0,47001.0,48668,49398.02,47706.01499999999
366,1,2017,Cat D,1,376.0,374.0,438.0,6053.0,6241,6334.615,6143.794999999999
367,1,2017,Cat D,2,377.0,331.0,412.0,6052.0,6241,6334.615,6142.78
368,1,2017,Cat E,1,401.0,394.0,648.0,53001.0,0,0.0,53796.01499999999
369,1,2017,Cat E,2,400.0,381.0,662.0,52600.0,0,0.0,53388.99999999999
370,2,2017,Cat A,1,2060.0,2051.0,2691.0,48401.0,50394,51149.909999999996,49127.01499999999
371,2,2017,Cat A,2,2133.0,2089.0,2926.0,49430.0,50394,51149.909999999996,50171.45
372,2,2017,Cat B,1,1366.0,1352.0,1783.0,48209.0,52077,52858.15499999999,48932.134999999995
373,2,2017,Cat B,2,1377.0,1377.0,2126.0,50621.0,52077,52858.15499999999,51380.314999999995
374,2,2017,Cat C,1,164.0,155.0,268.0,48901.0,48503,49230.545,49634.51499999999
375,2,2017,Cat C,2,174.0,171.0,249.0,49810.0,48503,49230.545,50557.149999999994
376,2,2017,Cat D,1,348.0,326.0,534.0,6412.0,6141,6233.115,6508.179999999999
377,2,2017,Cat D,2,392.0,384.0,753.0,6801.0,6141,6233.115,6903.014999999999
378,2,2017,Cat E,1,488.0,488.0,805.0,48556.0,0,0.0,49284.34
379,2,2017,Cat E,2,500.0,483.0,800.0,51000.0,0,0.0,51764.99999999999
380,3,2017,Cat A,1,2061.0,2045.0,3190.0,50789.0,49429,50170.435,51550.83499999999
381,3,2017,Cat A,2,2096.0,2096.0,2961.0,51765.0,49429,50170.435,52541.475
382,3,2017,Cat B,1,1371.0,1368.0,2298.0,53300.0,50347,51102.204999999994,54099.49999999999
383,3,2017,Cat B,2,1357.0,1345.0,2081.0,54000.0,50347,51102.204999999994,54809.99999999999
384,3,2017,Cat C,1,170.0,170.0,216.0,49002.0,48788,49519.81999999999,49737.03
385,3,2017,Cat C,2,164.0,163.0,251.0,47036.0,48788,49519.81999999999,47741.53999999999
386,3,2017,Cat D,1,368.0,359.0,546.0,7483.0,6256,6349.839999999999,7595.244999999999
387,3,2017,Cat D,2,355.0,354.0,453.0,8081.0,6256,6349.839999999999,8202.214999999998
388,3,2017,Cat E,1,482.0,478.0,763.0,53001.0,0,0.0,53796.01499999999
389,3,2017,Cat E,2,499.0,499.0,783.0,54501.0,0,0.0,55318.51499999999
390,4,2017,Cat A,1,2068.0,2061.0,2486.0,52000.0,50230,50983.45,52779.99999999999
391,4,2017,Cat A,2,2052.0,2030.0,2442.0,51600.0,50230,50983.45,52373.99999999999
392,4,2017,Cat B,1,1360.0,1360.0,1970.0,54405.0,52008,52788.119999999995,55221.075
393,4,2017,Cat B,2,1369.0,1365.0,2000.0,54406.0,52008,52788.119999999995,55222.09
394,4,2017,Cat C,1,162.0,162.0,351.0,45906.0,48009,48729.134999999995,46594.59
395,4,2017,Cat C,2,163.0,162.0,509.0,26501.0,48009,48729.134999999995,26898.514999999996
396,4,2017,Cat D,1,355.0,354.0,482.0,7589.0,6814,6916.209999999999,7702.834999999999
397,4,2017,Cat D,2,347.0,325.0,512.0,6712.0,6814,6916.209999999999,6812.679999999999
398,4,2017,Cat E,1,486.0,485.0,748.0,54556.0,0,0.0,55374.34
399,4,2017,Cat E,2,482.0,477.0,712.0,54616.0,0,0.0,55435.24
400,5,2017,Cat A,1,1905.0,1905.0,2240.0,51106.0,50665,51424.975,51872.59
401,5,2017,Cat A,2,1920.0,1913.0,2601.0,46489.0,50665,51424.975,47186.33499999999
402,5,2017,Cat B,1,1320.0,1316.0,1996.0,55414.0,52491,53278.365,56245.20999999999
403,5,2017,Cat B,2,1325.0,1325.0,1725.0,53001.0,52491,53278.365,53796.01499999999
404,5,2017,Cat C,1,1084.0,1078.0,2586.0,26029.0,44526,45193.88999999999,26419.434999999998
405,5,2017,Cat C,2,1085.0,1084.0,2492.0,30600.0,44526,45193.88999999999,31058.999999999996
406,5,2017,Cat D,1,455.0,433.0,567.0,6301.0,7180,7287.699999999999,6395.514999999999
407,5,2017,Cat D,2,476.0,470.0,602.0,6101.0,7180,7287.699999999999,6192.514999999999
408,5,2017,Cat E,1,529.0,528.0,755.0,55000.0,0,0.0,55824.99999999999
409,5,2017,Cat E,2,532.0,506.0,731.0,52000.0,0,0.0,52779.99999999999
410,6,2017,Cat A,1,1898.0,1893.0,2245.0,45201.0,50625,51384.37499999999,45879.01499999999
411,6,2017,Cat A,2,1906.0,1898.0,2302.0,42801.0,50625,51384.37499999999,43443.015
412,6,2017,Cat B,1,1325.0,1324.0,1582.0,50110.0,54088,54899.31999999999,50861.649999999994
413,6,2017,Cat B,2,1321.0,1320.0,1651.0,47501.0,54088,54899.31999999999,48213.51499999999
414,6,2017,Cat C,1,1091.0,1087.0,2309.0,38501.0,37513,38075.695,39078.515
415,6,2017,Cat C,2,1086.0,1085.0,2125.0,36879.0,37513,38075.695,37432.185
416,6,2017,Cat D,1,476.0,455.0,743.0,6101.0,7045,7150.674999999999,6192.514999999999
417,6,2017,Cat D,2,459.0,360.0,931.0,6001.0,7045,7150.674999999999,6091.014999999999
418,6,2017,Cat E,1,528.0,528.0,878.0,50526.0,0,0.0,51283.88999999999
419,6,2017,Cat E,2,553.0,519.0,925.0,48001.0,0,0.0,48721.01499999999
420,7,2017,Cat A,1,1904.0,1902.0,2296.0,42801.0,48200,48922.99999999999,43443.015
421,7,2017,Cat A,2,1907.0,1905.0,2389.0,44002.0,48200,48922.99999999999,44662.03
422,7,2017,Cat B,1,1322.0,1321.0,1910.0,49802.0,52473,53260.094999999994,50549.02999999999
423,7,2017,Cat B,2,1322.0,1314.0,1784.0,50001.0,52473,53260.094999999994,50751.01499999999
424,7,2017,Cat C,1,1088.0,1078.0,2189.0,40212.0,34070,34581.049999999996,40815.17999999999
425,7,2017,Cat C,2,1085.0,1084.0,1943.0,42809.0,34070,34581.049999999996,43451.134999999995
426,7,2017,Cat D,1,474.0,377.0,819.0,6001.0,6468,6565.0199999999995,6091.014999999999
427,7,2017,Cat D,2,552.0,424.0,1044.0,5851.0,6468,6565.0199999999995,5938.764999999999
428,7,2017,Cat E,1,528.0,521.0,872.0,49899.0,0,0.0,50647.48499999999
429,7,2017,Cat E,2,562.0,516.0,941.0,50101.0,0,0.0,50852.51499999999
430,8,2017,Cat A,1,1817.0,1812.0,2403.0,46778.0,45400,46080.99999999999,47479.67
431,8,2017,Cat A,2,1817.0,1817.0,2148.0,42900.0,45400,46080.99999999999,43543.49999999999
432,8,2017,Cat B,1,1286.0,1281.0,1978.0,53711.0,50972,51736.579999999994,54516.66499999999
433,8,2017,Cat B,2,1293.0,1290.0,1683.0,51000.0,50972,51736.579999999994,51764.99999999999
434,8,2017,Cat C,1,454.0,445.0,742.0,42801.0,35839,36376.585,43443.015
435,8,2017,Cat C,2,445.0,436.0,836.0,42004.0,35839,36376.585,42634.06
436,8,2017,Cat D,1,574.0,508.0,879.0,5701.0,6060,6150.9,5786.514999999999
437,8,2017,Cat D,2,605.0,588.0,1069.0,3512.0,6060,6150.9,3564.68
438,8,2017,Cat E,1,547.0,545.0,822.0,52751.0,0,0.0,53542.26499999999
439,8,2017,Cat E,2,586.0,562.0,781.0,50000.0,0,0.0,50749.99999999999
440,9,2017,Cat A,1,1820.0,1806.0,2195.0,36001.0,44081,44742.215,36541.015
441,9,2017,Cat A,2,1815.0,1815.0,3469.0,42902.0,44081,44742.215,43545.53
442,9,2017,Cat B,1,1290.0,1290.0,1704.0,49000.0,50355,51110.325,49734.99999999999
443,9,2017,Cat B,2,1288.0,1288.0,1859.0,49189.0,50355,51110.325,49926.83499999999
444,9,2017,Cat C,1,453.0,406.0,695.0,43002.0,40535,41143.024999999994,43647.03
445,9,2017,Cat C,2,453.0,453.0,706.0,46890.0,40535,41143.024999999994,47593.35
446,9,2017,Cat D,1,543.0,535.0,871.0,5402.0,5528,5610.919999999999,5483.03
447,9,2017,Cat D,2,494.0,493.0,727.0,5501.0,5528,5610.919999999999,5583.514999999999
448,9,2017,Cat E,1,543.0,543.0,805.0,48005.0,0,0.0,48725.075
449,9,2017,Cat E,2,565.0,563.0,905.0,49012.0,0,0.0,49747.17999999999
450,10,2017,Cat A,1,1829.0,1827.0,2808.0,41761.0,42564,43202.46,42387.41499999999
451,10,2017,Cat A,2,1815.0,1809.0,2391.0,41617.0,42564,43202.46,42241.255
452,10,2017,Cat B,1,1285.0,1284.0,1646.0,48109.0,50451,51207.76499999999,48830.634999999995
453,10,2017,Cat B,2,1285.0,1277.0,1718.0,49996.0,50451,51207.76499999999,50745.939999999995
454,10,2017,Cat C,1,492.0,492.0,723.0,48902.0,42953,43597.295,49635.53
455,10,2017,Cat C,2,445.0,443.0,611.0,51890.0,42953,43597.295,52668.35
456,10,2017,Cat D,1,485.0,484.0,721.0,5010.0,5328,5407.919999999999,5085.15
457,10,2017,Cat D,2,478.0,449.0,687.0,4903.0,5328,5407.919999999999,4976.544999999999
458,10,2017,Cat E,1,540.0,528.0,869.0,49000.0,0,0.0,49734.99999999999
459,10,2017,Cat E,2,542.0,539.0,809.0,52000.0,0,0.0,52779.99999999999
460,11,2017,Cat A,1,1683.0,1683.0,3430.0,47112.0,41994,42623.909999999996,47818.67999999999
461,11,2017,Cat A,2,1686.0,1679.0,2721.0,46791.0,41994,42623.909999999996,47492.865
462,11,2017,Cat B,1,1376.0,1375.0,2515.0,57414.0,50168,50920.52,58275.20999999999
463,11,2017,Cat B,2,1383.0,1383.0,2173.0,57390.0,50168,50920.52,58250.84999999999
464,11,2017,Cat C,1,242.0,200.0,375.0,58036.0,45915,46603.725,58906.53999999999
465,11,2017,Cat C,2,244.0,241.0,356.0,57701.0,45915,46603.725,58566.51499999999
466,11,2017,Cat D,1,509.0,502.0,683.0,5502.0,5005,5080.075,5584.53
467,11,2017,Cat D,2,538.0,533.0,708.0,5992.0,5005,5080.075,6081.879999999999
468,11,2017,Cat E,1,524.0,495.0,867.0,57000.0,0,0.0,57854.99999999999
469,11,2017,Cat E,2,516.0,498.0,844.0,57501.0,0,0.0,58363.51499999999
470,12,2017,Cat A,1,1680.0,1667.0,2158.0,42339.0,42698,43338.469999999994,42974.085
471,12,2017,Cat A,2,1687.0,1654.0,1970.0,38200.0,42698,43338.469999999994,38772.99999999999
472,12,2017,Cat B,1,1375.0,1375.0,1805.0,53711.0,51850,52627.74999999999,54516.66499999999
473,12,2017,Cat B,2,1374.0,1367.0,1634.0,47002.0,51850,52627.74999999999,47707.03
474,12,2017,Cat C,1,285.0,279.0,454.0,42000.0,51071,51837.064999999995,42629.99999999999
475,12,2017,Cat C,2,246.0,232.0,482.0,45112.0,51071,51837.064999999995,45788.67999999999
476,12,2017,Cat D,1,516.0,500.0,791.0,6552.0,5385,5465.775,6650.28
477,12,2017,Cat D,2,514.0,458.0,743.0,7501.0,5385,5465.775,7613.514999999999
478,12,2017,Cat E,1,542.0,537.0,831.0,54334.0,0,0.0,55149.009999999995
479,12,2017,Cat E,2,531.0,529.0,1003.0,48011.0,0,0.0,48731.16499999999
480,1,2018,Cat A,1,1693.0,1693.0,2264.0,41400.0,42970,43700.49,42103.799999999996
481,1,2018,Cat A,2,1713.0,1708.0,1938.0,36890.0,42970,43700.49,37517.13
482,1,2018,Cat B,1,1374.0,1368.0,1811.0,45289.0,52271,53159.606999999996,46058.91299999999
483,1,2018,Cat B,2,1381.0,1380.0,1654.0,42661.0,52271,53159.606999999996,43386.236999999994
484,1,2018,Cat C,1,249.0,247.0,458.0,40101.0,50607,51467.318999999996,40782.717
485,1,2018,Cat C,2,257.0,247.0,399.0,39000.0,50607,51467.318999999996,39662.99999999999
486,1,2018,Cat D,1,525.0,413.0,919.0,7701.0,5910,6010.469999999999,7831.9169999999995
487,1,2018,Cat D,2,565.0,500.0,786.0,8001.0,5910,6010.469999999999,8137.016999999999
488,1,2018,Cat E,1,518.0,518.0,923.0,47390.0,0,0.0,48195.63
489,1,2018,Cat E,2,515.0,495.0,817.0,44000.0,0,0.0,44747.99999999999
490,2,2018,Cat A,1,1557.0,1534.0,2389.0,40000.0,42122,42838.07399999999,40679.99999999999
491,2,2018,Cat A,2,1562.0,1561.0,2073.0,36810.0,42122,42838.07399999999,37435.77
492,2,2018,Cat B,1,1396.0,1396.0,1831.0,42322.0,50578,51437.825999999994,43041.473999999995
493,2,2018,Cat B,2,1391.0,1379.0,1744.0,39000.0,50578,51437.825999999994,39662.99999999999
494,2,2018,Cat C,1,249.0,249.0,486.0,38303.0,46992,47790.863999999994,38954.151
495,2,2018,Cat C,2,257.0,256.0,489.0,36859.0,46992,47790.863999999994,37485.602999999996
496,2,2018,Cat D,1,624.0,608.0,933.0,8451.0,6875,6991.874999999999,8594.667
497,2,2018,Cat D,2,577.0,568.0,1073.0,7667.0,6875,6991.874999999999,7797.338999999999
498,2,2018,Cat E,1,566.0,562.0,790.0,39903.0,0,0.0,40581.350999999995
499,2,2018,Cat E,2,586.0,581.0,1216.0,38801.0,0,0.0,39460.617
500,3,2018,Cat A,1,1580.0,1572.0,2405.0,38830.0,39274,39941.657999999996,39490.10999999999
501,3,2018,Cat A,2,1559.0,1551.0,2117.0,38000.0,39274,39941.657999999996,38645.99999999999
502,3,2018,Cat B,1,1390.0,1390.0,1731.0,39001.0,44998,45762.96599999999,39664.017
503,3,2018,Cat B,2,1402.0,1374.0,1639.0,37010.0,44998,45762.96599999999,37639.17
504,3,2018,Cat C,1,247.0,202.0,446.0,36003.0,40230,40913.909999999996,36615.051
505,3,2018,Cat C,2,247.0,234.0,378.0,35001.0,40230,40913.909999999996,35596.017
506,3,2018,Cat D,1,528.0,525.0,885.0,8009.0,7646,7775.981999999999,8145.152999999999
507,3,2018,Cat D,2,522.0,517.0,803.0,7602.0,7646,7775.981999999999,7731.2339999999995
508,3,2018,Cat E,1,571.0,525.0,967.0,39000.0,0,0.0,39662.99999999999
509,3,2018,Cat E,2,571.0,564.0,977.0,38000.0,0,0.0,38645.99999999999
510,4,2018,Cat A,1,1566.0,1564.0,1888.0,37000.0,38655,39312.134999999995,37629.0
511,4,2018,Cat A,2,1566.0,1566.0,2027.0,38510.0,38655,39312.134999999995,39164.67
512,4,2018,Cat B,1,1389.0,1388.0,1689.0,37605.0,40881,41575.977,38244.284999999996
513,4,2018,Cat B,2,1417.0,1414.0,1919.0,37330.0,40881,41575.977,37964.60999999999
514,4,2018,Cat C,1,292.0,290.0,500.0,34001.0,37545,38183.265,34579.017
515,4,2018,Cat C,2,260.0,181.0,461.0,34202.0,37545,38183.265,34783.433999999994
516,4,2018,Cat D,1,516.0,483.0,953.0,7114.0,7906,8040.401999999999,7234.937999999999
517,4,2018,Cat D,2,518.0,515.0,727.0,7115.0,7906,8040.401999999999,7235.954999999999
518,4,2018,Cat E,1,612.0,604.0,967.0,38039.0,0,0.0,38685.66299999999
519,4,2018,Cat E,2,573.0,571.0,1027.0,38389.0,0,0.0,39041.613
520,5,2018,Cat A,1,1435.0,1428.0,1836.0,38941.0,38192,38841.263999999996,39602.996999999996
521,5,2018,Cat A,2,1434.0,1422.0,1805.0,38001.0,38192,38841.263999999996,38647.017
522,5,2018,Cat B,1,1280.0,1267.0,2155.0,38501.0,38712,39370.104,39155.517
523,5,2018,Cat B,2,1283.0,1247.0,1915.0,37989.0,38712,39370.104,38634.812999999995
524,5,2018,Cat C,1,308.0,188.0,611.0,33190.0,35729,36336.393,33754.229999999996
525,5,2018,Cat C,2,385.0,382.0,786.0,29901.0,35729,36336.393,30409.316999999995
526,5,2018,Cat D,1,560.0,515.0,1171.0,7204.0,7660,7790.219999999999,7326.467999999999
527,5,2018,Cat D,2,529.0,529.0,898.0,7115.0,7660,7790.219999999999,7235.954999999999
528,5,2018,Cat E,1,565.0,562.0,1008.0,38600.0,0,0.0,39256.2
529,5,2018,Cat E,2,558.0,533.0,836.0,38700.0,0,0.0,39357.899999999994
530,6,2018,Cat A,1,1441.0,1440.0,1696.0,36426.0,38214,38863.638,37045.242
531,6,2018,Cat A,2,1446.0,1437.0,1818.0,34110.0,38214,38863.638,34689.869999999995
532,6,2018,Cat B,1,1293.0,1285.0,1727.0,36000.0,37906,38550.401999999995,36612.0
533,6,2018,Cat B,2,1316.0,1311.0,1729.0,33900.0,37906,38550.401999999995,34476.299999999996
534,6,2018,Cat C,1,425.0,417.0,685.0,29902.0,33717,34290.189,30410.334
535,6,2018,Cat C,2,308.0,293.0,548.0,32001.0,33717,34290.189,32545.016999999996
536,6,2018,Cat D,1,572.0,487.0,828.0,7001.0,7360,7485.119999999999,7120.016999999999
537,6,2018,Cat D,2,527.0,517.0,771.0,6889.0,7360,7485.119999999999,7006.112999999999
538,6,2018,Cat E,1,559.0,525.0,927.0,37000.0,0,0.0,37629.0
539,6,2018,Cat E,2,581.0,580.0,868.0,34400.0,0,0.0,34984.799999999996
540,7,2018,Cat A,1,1435.0,1427.0,1626.0,25000.0,37165,37796.80499999999,25424.999999999996
541,7,2018,Cat A,2,1443.0,1412.0,3100.0,32699.0,37165,37796.80499999999,33254.882999999994
542,7,2018,Cat B,1,1288.0,1288.0,1637.0,31000.0,36888,37515.096,31526.999999999996
543,7,2018,Cat B,2,1285.0,1278.0,1919.0,32551.0,36888,37515.096,33104.367
544,7,2018,Cat C,1,313.0,272.0,535.0,31092.0,32200,32747.399999999998,31620.564
545,7,2018,Cat C,2,320.0,249.0,538.0,30889.0,32200,32747.399999999998,31414.112999999998
546,7,2018,Cat D,1,612.0,587.0,807.0,6514.0,7073,7193.240999999999,6624.737999999999
547,7,2018,Cat D,2,537.0,533.0,772.0,6189.0,7073,7193.240999999999,6294.213
548,7,2018,Cat E,1,591.0,582.0,975.0,31001.0,0,0.0,31528.016999999996
549,7,2018,Cat E,2,558.0,558.0,1082.0,32809.0,0,0.0,33366.753
550,8,2018,Cat A,1,1672.0,1672.0,3633.0,33798.0,34197,34778.348999999995,34372.566
551,8,2018,Cat A,2,1695.0,1695.0,2948.0,31997.0,34197,34778.348999999995,32540.948999999997
552,8,2018,Cat B,1,1265.0,1256.0,2132.0,34381.0,34991,35585.846999999994,34965.477
553,8,2018,Cat B,2,1272.0,1259.0,2031.0,32429.0,34991,35585.846999999994,32980.293
554,8,2018,Cat C,1,379.0,330.0,549.0,30389.0,31163,31692.770999999997,30905.612999999998
555,8,2018,Cat C,2,409.0,204.0,635.0,29902.0,31163,31692.770999999997,30410.334
556,8,2018,Cat D,1,845.0,791.0,1208.0,5514.0,6819,6934.923,5607.737999999999
557,8,2018,Cat D,2,824.0,823.0,1176.0,4889.0,6819,6934.923,4972.112999999999
558,8,2018,Cat E,1,536.0,524.0,896.0,33420.0,0,0.0,33988.14
559,8,2018,Cat E,2,527.0,525.0,927.0,32311.0,0,0.0,32860.287
560,9,2018,Cat A,1,1664.0,1661.0,2488.0,30209.0,32339,32888.763,30722.552999999996
561,9,2018,Cat A,2,1664.0,1655.0,2059.0,28000.0,32339,32888.763,28475.999999999996
562,9,2018,Cat B,1,1274.0,1268.0,1959.0,32001.0,33377,33944.409,32545.016999999996
563,9,2018,Cat B,2,1278.0,1269.0,1859.0,31307.0,33377,33944.409,31839.218999999997
564,9,2018,Cat C,1,386.0,381.0,612.0,27001.0,30696,31217.832,27460.016999999996
565,9,2018,Cat C,2,542.0,529.0,921.0,27104.0,30696,31217.832,27564.767999999996
566,9,2018,Cat D,1,874.0,867.0,1213.0,4390.0,6166,6270.821999999999,4464.629999999999
567,9,2018,Cat D,2,821.0,821.0,1098.0,4214.0,6166,6270.821999999999,4285.638
568,9,2018,Cat E,1,540.0,506.0,1006.0,31801.0,0,0.0,32341.617
569,9,2018,Cat E,2,530.0,519.0,928.0,32000.0,0,0.0,32543.999999999996
570,10,2018,Cat A,1,1664.0,1661.0,2488.0,30209.0,30284,30798.827999999998,30722.552999999996
571,10,2018,Cat A,2,1664.0,1655.0,2059.0,28000.0,30284,30798.827999999998,28475.999999999996
572,10,2018,Cat B,1,1271.0,1241.0,1886.0,31301.0,32279,32827.742999999995,31833.117
573,10,2018,Cat B,2,1273.0,1267.0,1856.0,31302.0,32279,32827.742999999995,31834.134
574,10,2018,Cat C,1,342.0,340.0,522.0,28501.0,29397,29896.748999999996,28985.516999999996
575,10,2018,Cat C,2,350.0,349.0,470.0,29501.0,29397,29896.748999999996,30002.516999999996
576,10,2018,Cat D,1,827.0,809.0,1140.0,4109.0,5285,5374.844999999999,4178.852999999999
577,10,2018,Cat D,2,819.0,819.0,1201.0,3951.0,5285,5374.844999999999,4018.1669999999995
578,10,2018,Cat E,1,561.0,543.0,1066.0,32552.0,0,0.0,33105.384
579,10,2018,Cat E,2,539.0,527.0,779.0,32900.0,0,0.0,33459.299999999996
580,11,2018,Cat A,1,1819.0,1757.0,2849.0,28199.0,29670,30174.389999999996,28678.382999999998
581,11,2018,Cat A,2,1818.0,1744.0,2231.0,25000.0,29670,30174.389999999996,25424.999999999996
582,11,2018,Cat B,1,1265.0,1262.0,2142.0,32302.0,32121,32667.056999999997,32851.134
583,11,2018,Cat B,2,1241.0,1234.0,1786.0,31101.0,32121,32667.056999999997,31629.716999999997
584,11,2018,Cat C,1,332.0,332.0,460.0,29501.0,28733,29221.460999999996,30002.516999999996
585,11,2018,Cat C,2,331.0,327.0,580.0,27509.0,28733,29221.460999999996,27976.653
586,11,2018,Cat D,1,1121.0,1104.0,1543.0,2509.0,4512,4588.704,2551.653
587,11,2018,Cat D,2,1103.0,1093.0,1423.0,2989.0,4512,4588.704,3039.8129999999996
588,11,2018,Cat E,1,557.0,544.0,862.0,32000.0,0,0.0,32543.999999999996
589,11,2018,Cat E,2,552.0,546.0,930.0,30959.0,0,0.0,31485.302999999996
590,12,2018,Cat A,1,1878.0,1878.0,2177.0,23568.0,27571,28039.707,23968.656
591,12,2018,Cat A,2,1890.0,1887.0,2729.0,25501.0,27571,28039.707,25934.516999999996
592,12,2018,Cat B,1,1239.0,1230.0,1780.0,31001.0,31553,32089.400999999998,31528.016999999996
593,12,2018,Cat B,2,1243.0,1235.0,1804.0,31001.0,31553,32089.400999999998,31528.016999999996
594,12,2018,Cat C,1,329.0,328.0,489.0,27009.0,28187,28666.178999999996,27468.153
595,12,2018,Cat C,2,333.0,318.0,503.0,27001.0,28187,28666.178999999996,27460.016999999996
596,12,2018,Cat D,1,1121.0,1113.0,1483.0,3399.0,3694,3756.798,3456.7829999999994
597,12,2018,Cat D,2,1114.0,1114.0,1375.0,3789.0,3694,3756.798,3853.4129999999996
598,12,2018,Cat E,1,552.0,546.0,1021.0,30851.0,0,0.0,31375.466999999997
599,12,2018,Cat E,2,545.0,545.0,778.0,31809.0,0,0.0,32349.752999999997
600,1,2019,Cat A,1,1815.0,1804.0,2707.0,25920.0,26047,26307.47,26179.2
601,1,2019,Cat A,2,1818.0,1818.0,2864.0,26170.0,26047,26307.47,26431.7
602,1,2019,Cat B,1,1245.0,1242.0,1818.0,32200.0,31335,31648.35,32522.0
603,1,2019,Cat B,2,1244.0,1230.0,2119.0,33989.0,31335,31648.35,34328.89
604,1,2019,Cat C,1,330.0,308.0,472.0,27002.0,28171,28452.71,27272.02
605,1,2019,Cat C,2,344.0,342.0,537.0,26230.0,28171,28452.71,26492.3
606,1,2019,Cat D,1,1112.0,1103.0,1396.0,3610.0,3458,3492.58,3646.1
607,1,2019,Cat D,2,1104.0,1104.0,1473.0,2889.0,3458,3492.58,2917.89
608,1,2019,Cat E,1,546.0,540.0,776.0,32909.0,0,0.0,33238.090000000004
609,1,2019,Cat E,2,540.0,530.0,797.0,33689.0,0,0.0,34025.89
610,2,2019,Cat A,1,1662.0,1653.0,2371.0,25689.0,25727,25984.27,25945.89
611,2,2019,Cat A,2,1650.0,1650.0,2261.0,26301.0,25727,25984.27,26564.010000000002
612,2,2019,Cat B,1,1202.0,1169.0,1937.0,34509.0,31933,32252.33,34854.090000000004
613,2,2019,Cat B,2,1214.0,1213.0,1993.0,35403.0,31933,32252.33,35757.03
614,2,2019,Cat C,1,326.0,324.0,466.0,26378.0,27376,27649.760000000002,26641.78
615,2,2019,Cat C,2,306.0,306.0,433.0,26914.0,27376,27649.760000000002,27183.14
616,2,2019,Cat D,1,834.0,834.0,1164.0,3709.0,3198,3229.98,3746.09
617,2,2019,Cat D,2,826.0,817.0,1100.0,3689.0,3198,3229.98,3725.89
618,2,2019,Cat E,1,403.0,392.0,545.0,35310.0,0,0.0,35663.1
619,2,2019,Cat E,2,407.0,407.0,658.0,36667.0,0,0.0,37033.67
620,3,2019,Cat A,1,1659.0,1653.0,2213.0,26309.0,25525,25780.25,26572.09
621,3,2019,Cat A,2,1650.0,1647.0,2204.0,26659.0,25525,25780.25,26925.59
622,3,2019,Cat B,1,1233.0,1230.0,1903.0,36961.0,33018,33348.18,37330.61
623,3,2019,Cat B,2,1201.0,1195.0,1878.0,39401.0,33018,33348.18,39795.01
624,3,2019,Cat C,1,306.0,301.0,443.0,27010.0,26756,27023.56,27280.1
625,3,2019,Cat C,2,304.0,304.0,411.0,27021.0,26756,27023.56,27291.21
626,3,2019,Cat D,1,825.0,822.0,1175.0,3602.0,3515,3550.15,3638.02
627,3,2019,Cat D,2,834.0,825.0,1039.0,3469.0,3515,3550.15,3503.69
628,3,2019,Cat E,1,408.0,405.0,689.0,37620.0,0,0.0,37996.2
629,3,2019,Cat E,2,397.0,396.0,730.0,41000.0,0,0.0,41410.0
630,4,2019,Cat A,1,1656.0,1650.0,2338.0,29159.0,26175,26436.75,29450.59
631,4,2019,Cat A,2,1653.0,1603.0,2249.0,33199.0,26175,26436.75,33530.99
632,4,2019,Cat B,1,1202.0,1202.0,1782.0,43102.0,35411,35765.11,43533.02
633,4,2019,Cat B,2,1205.0,1181.0,1634.0,48000.0,35411,35765.11,48480.0
634,4,2019,Cat C,1,309.0,304.0,431.0,27589.0,26760,27027.6,27864.89
635,4,2019,Cat C,2,304.0,284.0,560.0,32001.0,26760,27027.6,32321.010000000002
636,4,2019,Cat D,1,829.0,803.0,1193.0,3501.0,3495,3529.95,3536.01
637,4,2019,Cat D,2,835.0,834.0,1129.0,3452.0,3495,3529.95,3486.52
638,4,2019,Cat E,1,400.0,391.0,648.0,48209.0,0,0.0,48691.090000000004
639,4,2019,Cat E,2,398.0,391.0,667.0,52410.0,0,0.0,52934.1
640,5,2019,Cat A,1,1431.0,1431.0,1988.0,36704.0,27886,28164.86,37071.04
641,5,2019,Cat A,2,1475.0,1475.0,1799.0,27000.0,27886,28164.86,27270.0
642,5,2019,Cat B,1,1139.0,1139.0,1360.0,48010.0,39563,39958.63,48490.1
643,5,2019,Cat B,2,1163.0,1161.0,1407.0,42564.0,39563,39958.63,42989.64
644,5,2019,Cat C,1,394.0,394.0,610.0,28559.0,27819,28097.19,28844.59
645,5,2019,Cat C,2,409.0,406.0,600.0,27400.0,27819,28097.19,27674.0
646,5,2019,Cat D,1,923.0,896.0,1154.0,3352.0,3571,3606.71,3385.52
647,5,2019,Cat D,2,898.0,886.0,1193.0,3202.0,3571,3606.71,3234.02
648,5,2019,Cat E,1,384.0,379.0,513.0,52502.0,0,0.0,53027.020000000004
649,5,2019,Cat E,2,382.0,375.0,626.0,47000.0,0,0.0,47470.0
650,6,2019,Cat A,1,1424.0,1417.0,1902.0,30009.0,29839,30137.39,30309.09
651,6,2019,Cat A,2,1424.0,1225.0,1742.0,26999.0,29839,30137.39,27268.99
652,6,2019,Cat B,1,1139.0,1137.0,1346.0,39728.0,43007,43437.07,40125.28
653,6,2019,Cat B,2,1141.0,1137.0,1418.0,35906.0,43007,43437.07,36265.06
654,6,2019,Cat C,1,389.0,389.0,535.0,25502.0,28264,28546.64,25757.02
655,6,2019,Cat C,2,393.0,390.0,607.0,25501.0,28264,28546.64,25756.010000000002
656,6,2019,Cat D,1,925.0,920.0,1149.0,3090.0,3430,3464.3,3120.9
657,6,2019,Cat D,2,909.0,906.0,1187.0,3000.0,3430,3464.3,3030.0
658,6,2019,Cat E,1,380.0,375.0,724.0,42002.0,0,0.0,42422.02
659,6,2019,Cat E,2,381.0,380.0,536.0,39400.0,0,0.0,39794.0
660,7,2019,Cat A,1,1431.0,1428.0,1795.0,28589.0,30512,30817.12,28874.89
661,7,2019,Cat A,2,1623.0,1617.0,1902.0,26667.0,30512,30817.12,26933.670000000002
662,7,2019,Cat B,1,1141.0,1135.0,1390.0,34000.0,42885,43313.85,34340.0
663,7,2019,Cat B,2,1143.0,1140.0,1677.0,39406.0,42885,43313.85,39800.06
664,7,2019,Cat C,1,390.0,382.0,649.0,25089.0,27759,28036.59,25339.89
665,7,2019,Cat C,2,393.0,393.0,657.0,24599.0,27759,28036.59,24844.99
666,7,2019,Cat D,1,902.0,890.0,1141.0,3081.0,3267,3299.67,3111.81
667,7,2019,Cat D,2,900.0,897.0,1193.0,3554.0,3267,3299.67,3589.54
668,7,2019,Cat E,1,379.0,377.0,523.0,36901.0,0,0.0,37270.01
669,7,2019,Cat E,2,375.0,367.0,751.0,39889.0,0,0.0,40287.89
670,8,2019,Cat A,1,1059.0,1059.0,2023.0,32725.0,29328,29621.28,33052.25
671,8,2019,Cat A,2,1062.0,1062.0,1725.0,31917.0,29328,29621.28,32236.170000000002
672,8,2019,Cat B,1,1047.0,1043.0,1487.0,40001.0,39936,40335.36,40401.01
673,8,2019,Cat B,2,1045.0,1043.0,1415.0,38602.0,39936,40335.36,38988.02
674,8,2019,Cat C,1,292.0,273.0,492.0,27800.0,26109,26370.09,28078.0
675,8,2019,Cat C,2,283.0,283.0,446.0,26501.0,26109,26370.09,26766.010000000002
676,8,2019,Cat D,1,751.0,751.0,1040.0,4400.0,3214,3246.14,4444.0
677,8,2019,Cat D,2,742.0,574.0,1010.0,4301.0,3214,3246.14,4344.01
678,8,2019,Cat E,1,357.0,353.0,589.0,40512.0,0,0.0,40917.12
679,8,2019,Cat E,2,363.0,353.0,593.0,40002.0,0,0.0,40402.02
680,9,2019,Cat A,1,1056.0,1056.0,1656.0,31783.0,29485,29779.85,32100.83
681,9,2019,Cat A,2,1056.0,1053.0,1453.0,31759.0,29485,29779.85,32076.59
682,9,2019,Cat B,1,1046.0,1040.0,1289.0,36001.0,37941,38320.41,36361.01
683,9,2019,Cat B,2,1044.0,1042.0,1418.0,37000.0,37941,38320.41,37370.0
684,9,2019,Cat C,1,302.0,299.0,446.0,25502.0,25832,26090.32,25757.02
685,9,2019,Cat C,2,283.0,282.0,544.0,25556.0,25832,26090.32,25811.56
686,9,2019,Cat D,1,739.0,712.0,1086.0,4089.0,3571,3606.71,4129.89
687,9,2019,Cat D,2,907.0,893.0,1197.0,3601.0,3571,3606.71,3637.01
688,9,2019,Cat E,1,359.0,350.0,552.0,37912.0,0,0.0,38291.12
689,9,2019,Cat E,2,365.0,350.0,632.0,40000.0,0,0.0,40400.0
690,10,2019,Cat A,1,1057.0,1033.0,1659.0,34001.0,30574,30879.74,34341.01
691,10,2019,Cat A,2,1060.0,1056.0,1467.0,32309.0,30574,30879.74,32632.09
692,10,2019,Cat B,1,1048.0,1042.0,1559.0,41361.0,37502,37877.02,41774.61
693,10,2019,Cat B,2,1044.0,1037.0,1503.0,41805.0,37502,37877.02,42223.05
694,10,2019,Cat C,1,286.0,286.0,522.0,26509.0,25842,26100.420000000002,26774.09
695,10,2019,Cat C,2,284.0,279.0,439.0,26001.0,25842,26100.420000000002,26261.010000000002
696,10,2019,Cat D,1,765.0,763.0,1036.0,3800.0,3838,3876.38,3838.0
697,10,2019,Cat D,2,753.0,746.0,989.0,3889.0,3838,3876.38,3927.89
698,10,2019,Cat E,1,364.0,358.0,601.0,41001.0,0,0.0,41411.01
699,10,2019,Cat E,2,369.0,356.0,506.0,42020.0,0,0.0,42440.2
700,11,2019,Cat A,1,1043.0,1031.0,1302.0,30000.0,32416,32740.16,30300.0
701,11,2019,Cat A,2,1023.0,1012.0,1468.0,32000.0,32416,32740.16,32320.0
702,11,2019,Cat B,1,1017.0,1016.0,1296.0,40009.0,39129,39520.29,40409.090000000004
703,11,2019,Cat B,2,1019.0,1016.0,1331.0,39700.0,39129,39520.29,40097.0
704,11,2019,Cat C,1,318.0,318.0,440.0,25392.0,26312,26575.12,25645.920000000002
705,11,2019,Cat C,2,322.0,322.0,495.0,24502.0,26312,26575.12,24747.02
706,11,2019,Cat D,1,693.0,691.0,831.0,4100.0,4014,4054.14,4141.0
707,11,2019,Cat D,2,698.0,692.0,974.0,3921.0,4014,4054.14,3960.21
708,11,2019,Cat E,1,383.0,376.0,587.0,40101.0,0,0.0,40502.01
709,11,2019,Cat E,2,390.0,383.0,540.0,40889.0,0,0.0,41297.89
710,12,2019,Cat A,1,1030.0,1013.0,1386.0,33009.0,31976,32295.760000000002,33339.090000000004
711,12,2019,Cat A,2,1029.0,1013.0,1256.0,32889.0,31976,32295.760000000002,33217.89
712,12,2019,Cat B,1,1013.0,1003.0,1265.0,37900.0,39313,39706.13,38279.0
713,12,2019,Cat B,2,1015.0,1015.0,1251.0,36000.0,39313,39706.13,36360.0
714,12,2019,Cat C,1,318.0,315.0,402.0,23704.0,25577,25832.77,23941.04
715,12,2019,Cat C,2,318.0,307.0,441.0,23200.0,25577,25832.77,23432.0
716,12,2019,Cat D,1,693.0,678.0,908.0,3789.0,3900,3939.0,3826.89
717,12,2019,Cat D,2,697.0,696.0,850.0,3658.0,3900,3939.0,3694.58
718,12,2019,Cat E,1,384.0,377.0,518.0,38889.0,0,0.0,39277.89
719,12,2019,Cat E,2,384.0,373.0,496.0,37989.0,0,0.0,38368.89
720,1,2020,Cat A,1,1035.0,1026.0,1450.0,35320.0,32368,32303.264,35249.36
721,1,2020,Cat A,2,1034.0,1025.0,1390.0,35010.0,32368,32303.264,34939.98
722,1,2020,Cat B,1,1022.0,1021.0,1229.0,37109.0,39463,39384.074,37034.782
723,1,2020,Cat B,2,1012.0,1008.0,1157.0,37705.0,39463,39384.074,37629.59
724,1,2020,Cat C,1,321.0,321.0,457.0,24402.0,24885,24835.23,24353.196
725,1,2020,Cat C,2,329.0,292.0,504.0,25001.0,24885,24835.23,24950.998
726,1,2020,Cat D,1,707.0,706.0,1084.0,3989.0,3860,3852.28,3981.022
727,1,2020,Cat D,2,693.0,693.0,936.0,4610.0,3860,3852.28,4600.78
728,1,2020,Cat E,1,384.0,377.0,541.0,38000.0,0,0.0,37924.0
729,1,2020,Cat E,2,388.0,388.0,528.0,37500.0,0,0.0,37425.0
730,2,2020,Cat A,1,982.0,977.0,1204.0,30010.0,33038,32971.924,29949.98
731,2,2020,Cat A,2,982.0,973.0,1564.0,32999.0,33038,32971.924,32933.002
732,2,2020,Cat B,1,984.0,980.0,1173.0,30890.0,38071,37994.858,30828.22
733,2,2020,Cat B,2,987.0,978.0,1459.0,32889.0,38071,37994.858,32823.222
734,2,2020,Cat C,1,314.0,314.0,504.0,25013.0,24367,24318.266,24962.974
735,2,2020,Cat C,2,352.0,219.0,561.0,25001.0,24367,24318.266,24950.998
736,2,2020,Cat D,1,578.0,562.0,821.0,4401.0,4012,4003.976,4392.198
737,2,2020,Cat D,2,577.0,574.0,729.0,4309.0,4012,4003.976,4300.382
738,2,2020,Cat E,1,335.0,330.0,525.0,34900.0,0,0.0,34830.2
739,2,2020,Cat E,2,328.0,324.0,550.0,33301.0,0,0.0,33234.398
740,3,2020,Cat A,1,978.0,973.0,1436.0,32699.0,33207,33140.586,32633.602
741,3,2020,Cat A,2,982.0,962.0,1421.0,31210.0,33207,33140.586,31147.58
742,3,2020,Cat B,1,987.0,987.0,1347.0,32801.0,35416,35345.168,32735.398
743,3,2020,Cat B,2,992.0,943.0,1366.0,30012.0,35416,35345.168,29951.976
744,3,2020,Cat C,1,315.0,315.0,504.0,24202.0,24387,24338.226,24153.596
745,3,2020,Cat C,2,448.0,448.0,708.0,22002.0,24387,24338.226,21957.996
746,3,2020,Cat D,1,593.0,587.0,785.0,4310.0,4126,4117.748,4301.38
747,3,2020,Cat D,2,581.0,576.0,757.0,4489.0,4126,4117.748,4480.022
748,3,2020,Cat E,1,333.0,331.0,512.0,32500.0,0,0.0,32435.0
749,3,2020,Cat E,2,331.0,324.0,503.0,32500.0,0,0.0,32435.0
750,4,2020,Cat A,1,0.0,0.0,0.0,0.0,32875,32809.25,0.0
751,4,2020,Cat A,2,0.0,0.0,0.0,0.0,32875,32809.25,0.0
752,4,2020,Cat B,1,0.0,0.0,0.0,0.0,33568,33500.864,0.0
753,4,2020,Cat B,2,0.0,0.0,0.0,0.0,33568,33500.864,0.0
754,4,2020,Cat C,1,0.0,0.0,0.0,0.0,24271,24222.458,0.0
755,4,2020,Cat C,2,0.0,0.0,0.0,0.0,24271,24222.458,0.0
756,4,2020,Cat D,1,0.0,0.0,0.0,0.0,4352,4343.296,0.0
757,4,2020,Cat D,2,0.0,0.0,0.0,0.0,4352,4343.296,0.0
758,4,2020,Cat E,1,0.0,0.0,0.0,0.0,0,0.0,0.0
759,4,2020,Cat E,2,0.0,0.0,0.0,0.0,0,0.0,0.0
760,5,2020,Cat A,1,0.0,0.0,0.0,0.0,32875,32809.25,0.0
761,5,2020,Cat A,2,0.0,0.0,0.0,0.0,32875,32809.25,0.0
762,5,2020,Cat B,1,0.0,0.0,0.0,0.0,33568,33500.864,0.0
763,5,2020,Cat B,2,0.0,0.0,0.0,0.0,33568,33500.864,0.0
764,5,2020,Cat C,1,0.0,0.0,0.0,0.0,24271,24222.458,0.0
765,5,2020,Cat C,2,0.0,0.0,0.0,0.0,24271,24222.458,0.0
766,5,2020,Cat D,1,0.0,0.0,0.0,0.0,4352,4343.296,0.0
767,5,2020,Cat D,2,0.0,0.0,0.0,0.0,4352,4343.296,0.0
768,5,2020,Cat E,1,0.0,0.0,0.0,0.0,0,0.0,0.0
769,5,2020,Cat E,2,0.0,0.0,0.0,0.0,0,0.0,0.0
770,6,2020,Cat A,1,0.0,0.0,0.0,0.0,32875,32809.25,0.0
771,6,2020,Cat A,2,0.0,0.0,0.0,0.0,32875,32809.25,0.0
772,6,2020,Cat B,1,0.0,0.0,0.0,0.0,33568,33500.864,0.0
773,6,2020,Cat B,2,0.0,0.0,0.0,0.0,33568,33500.864,0.0
774,6,2020,Cat C,1,0.0,0.0,0.0,0.0,24271,24222.458,0.0
775,6,2020,Cat C,2,0.0,0.0,0.0,0.0,24271,24222.458,0.0
776,6,2020,Cat D,1,0.0,0.0,0.0,0.0,4352,4343.296,0.0
777,6,2020,Cat D,2,0.0,0.0,0.0,0.0,4352,4343.296,0.0
778,6,2020,Cat E,1,0.0,0.0,0.0,0.0,0,0.0,0.0
779,6,2020,Cat E,2,0.0,0.0,0.0,0.0,0,0.0,0.0
780,7,2020,Cat A,1,1289.0,1286.0,3061.0,33520.0,32875,32809.25,33452.96
781,7,2020,Cat A,2,1304.0,1290.0,2485.0,32699.0,32875,32809.25,32633.602
782,7,2020,Cat B,1,1291.0,1260.0,3160.0,35889.0,33568,33500.864,35817.222
783,7,2020,Cat B,2,1339.0,1316.0,2497.0,35001.0,33568,33500.864,34930.998
784,7,2020,Cat C,1,489.0,481.0,866.0,24502.0,24271,24222.458,24452.996
785,7,2020,Cat C,2,489.0,482.0,759.0,23888.0,24271,24222.458,23840.224
786,7,2020,Cat D,1,869.0,856.0,1611.0,7702.0,4352,4343.296,7686.596
787,7,2020,Cat D,2,869.0,864.0,1355.0,6510.0,4352,4343.296,6496.98
788,7,2020,Cat E,1,444.0,436.0,937.0,34989.0,0,0.0,34919.022
789,7,2020,Cat E,2,448.0,438.0,714.0,35001.0,0,0.0,34930.998
790,8,2020,Cat A,1,1022.0,1007.0,2047.0,33000.0,32190,32125.62,32934.0
791,8,2020,Cat A,2,1034.0,1019.0,2099.0,35710.0,32190,32125.62,35638.58
792,8,2020,Cat B,1,932.0,928.0,1985.0,37102.0,32914,32848.172,37027.796
793,8,2020,Cat B,2,923.0,912.0,1727.0,38802.0,32914,32848.172,38724.396
794,8,2020,Cat C,1,358.0,354.0,658.0,24100.0,24102,24053.796,24051.8
795,8,2020,Cat C,2,357.0,356.0,586.0,25006.0,24102,24053.796,24955.988
796,8,2020,Cat D,1,503.0,497.0,720.0,7701.0,5287,5276.426,7685.598
797,8,2020,Cat D,2,495.0,491.0,797.0,7432.0,5287,5276.426,7417.136
798,8,2020,Cat E,1,472.0,466.0,784.0,36502.0,0,0.0,36428.996
799,8,2020,Cat E,2,474.0,467.0,764.0,38110.0,0,0.0,38033.78
800,9,2020,Cat A,1,1035.0,1035.0,1737.0,37766.0,33140,33073.72,37690.468
801,9,2020,Cat A,2,1034.0,1031.0,1540.0,38504.0,33140,33073.72,38426.992
802,9,2020,Cat B,1,904.0,892.0,1715.0,41510.0,34935,34865.13,41426.98
803,9,2020,Cat B,2,912.0,912.0,1497.0,40989.0,34935,34865.13,40907.022
804,9,2020,Cat C,1,354.0,350.0,525.0,26644.0,23950,23902.1,26590.712
805,9,2020,Cat C,2,351.0,346.0,591.0,28589.0,23950,23902.1,28531.822
806,9,2020,Cat D,1,496.0,488.0,691.0,7399.0,6358,6345.284,7384.202
807,9,2020,Cat D,2,494.0,492.0,642.0,7331.0,6358,6345.284,7316.338
808,9,2020,Cat E,1,470.0,470.0,672.0,40790.0,0,0.0,40708.42
809,9,2020,Cat E,2,471.0,468.0,671.0,41001.0,0,0.0,40918.998
810,10,2020,Cat A,1,912.0,907.0,1272.0,36534.0,35200,35129.6,36460.932
811,10,2020,Cat A,2,916.0,907.0,1323.0,37334.0,35200,35129.6,37259.332
812,10,2020,Cat B,1,805.0,800.0,1218.0,40690.0,38216,38139.568,40608.62
813,10,2020,Cat B,2,793.0,793.0,1272.0,40990.0,38216,38139.568,40908.02
814,10,2020,Cat C,1,316.0,314.0,587.0,33089.0,25455,25404.09,33022.822
815,10,2020,Cat C,2,316.0,315.0,538.0,33778.0,25455,25404.09,33710.444
816,10,2020,Cat D,1,429.0,420.0,677.0,7451.0,7346,7331.308,7436.098
817,10,2020,Cat D,2,423.0,410.0,560.0,7300.0,7346,7331.308,7285.4
818,10,2020,Cat E,1,427.0,426.0,688.0,40301.0,0,0.0,40220.398
819,10,2020,Cat E,2,430.0,373.0,672.0,39889.0,0,0.0,39809.222
820,11,2020,Cat A,1,967.0,952.0,1262.0,35990.0,36475,36402.05,35918.02
821,11,2020,Cat A,2,972.0,966.0,1361.0,37690.0,36475,36402.05,37614.62
822,11,2020,Cat B,1,1013.0,985.0,1415.0,39000.0,40014,39933.972,38922.0
823,11,2020,Cat B,2,1007.0,1006.0,1559.0,41101.0,40014,39933.972,41018.798
824,11,2020,Cat C,1,370.0,370.0,558.0,31502.0,28535,28477.93,31438.996
825,11,2020,Cat C,2,369.0,367.0,597.0,30334.0,28535,28477.93,30273.332
826,11,2020,Cat D,1,533.0,532.0,727.0,7251.0,7436,7421.128,7236.498
827,11,2020,Cat D,2,537.0,532.0,679.0,7300.0,7436,7421.128,7285.4
828,11,2020,Cat E,1,464.0,463.0,683.0,39500.0,0,0.0,39421.0
829,11,2020,Cat E,2,520.0,512.0,803.0,41503.0,0,0.0,41419.994
830,12,2020,Cat A,1,978.0,978.0,1620.0,40714.0,37303,37228.394,40632.572
831,12,2020,Cat A,2,969.0,966.0,1403.0,40556.0,37303,37228.394,40474.888
832,12,2020,Cat B,1,1035.0,1019.0,1712.0,45012.0,40714,40632.572,44921.976
833,12,2020,Cat B,2,1009.0,998.0,1631.0,49300.0,40714,40632.572,49201.4
834,12,2020,Cat C,1,368.0,363.0,599.0,32889.0,30656,30594.688,32823.222
835,12,2020,Cat C,2,369.0,355.0,640.0,35201.0,30656,30594.688,35130.598
836,12,2020,Cat D,1,526.0,522.0,767.0,7670.0,7339,7324.322,7654.66
837,12,2020,Cat D,2,530.0,507.0,710.0,7689.0,7339,7324.322,7673.622
838,12,2020,Cat E,1,464.0,461.0,722.0,45510.0,0,0.0,45418.98
839,12,2020,Cat E,2,471.0,469.0,688.0,49500.0,0,0.0,49401.0
840,1,2021,Cat A,1,963.0,962.0,1280.0,40609.0,38137,38480.23299999999,40974.48099999999
841,1,2021,Cat A,2,966.0,946.0,1309.0,43501.0,38137,38480.23299999999,43892.509
842,1,2021,Cat B,1,1023.0,1021.0,1396.0,49001.0,42683,43067.147,49442.009
843,1,2021,Cat B,2,1018.0,1018.0,1338.0,50100.0,42683,43067.147,50550.899999999994
844,1,2021,Cat C,1,372.0,352.0,679.0,35900.0,32799,33094.191,36223.1
845,1,2021,Cat C,2,381.0,378.0,671.0,40999.0,32799,33094.191,41367.990999999995
846,1,2021,Cat D,1,529.0,498.0,692.0,7501.0,7444,7510.995999999999,7568.508999999999
847,1,2021,Cat D,2,548.0,535.0,706.0,7589.0,7444,7510.995999999999,7657.3009999999995
848,1,2021,Cat E,1,467.0,463.0,758.0,49489.0,0,0.0,49934.401
849,1,2021,Cat E,2,466.0,458.0,705.0,51900.0,0,0.0,52367.09999999999
850,2,2021,Cat A,1,885.0,881.0,1098.0,42000.0,39844,40202.596,42377.99999999999
851,2,2021,Cat A,2,903.0,900.0,1226.0,41001.0,39844,40202.596,41370.009
852,2,2021,Cat B,1,943.0,943.0,1107.0,46790.0,45586,45996.274,47211.10999999999
853,2,2021,Cat B,2,942.0,938.0,1168.0,46002.0,45586,45996.274,46416.018
854,2,2021,Cat C,1,276.0,276.0,510.0,45001.0,34471,34781.238999999994,45406.009
855,2,2021,Cat C,2,259.0,223.0,424.0,40890.0,34471,34781.238999999994,41258.009999999995
856,2,2021,Cat D,1,572.0,572.0,705.0,7506.0,7500,7567.499999999999,7573.553999999999
857,2,2021,Cat D,2,554.0,554.0,715.0,7500.0,7500,7567.499999999999,7567.499999999999
858,2,2021,Cat E,1,300.0,300.0,435.0,49778.0,0,0.0,50226.00199999999
859,2,2021,Cat E,2,304.0,302.0,503.0,47506.0,0,0.0,47933.554
860,3,2021,Cat A,1,887.0,887.0,1175.0,41996.0,41397,41769.573,42373.96399999999
861,3,2021,Cat A,2,886.0,879.0,1186.0,44589.0,41397,41769.573,44990.30099999999
862,3,2021,Cat B,1,942.0,926.0,1121.0,45001.0,47701,48130.308999999994,45406.009
863,3,2021,Cat B,2,946.0,932.0,1222.0,47001.0,47701,48130.308999999994,47424.009
864,3,2021,Cat C,1,255.0,248.0,480.0,37513.0,38480,38826.31999999999,37850.617
865,3,2021,Cat C,2,292.0,286.0,507.0,39589.0,38480,38826.31999999999,39945.301
866,3,2021,Cat D,1,542.0,524.0,707.0,7752.0,7576,7644.183999999999,7821.767999999999
867,3,2021,Cat D,2,542.0,538.0,700.0,7791.0,7576,7644.183999999999,7861.118999999999
868,3,2021,Cat E,1,296.0,296.0,450.0,47001.0,0,0.0,47424.009
869,3,2021,Cat E,2,298.0,291.0,430.0,47806.0,0,0.0,48236.25399999999
870,4,2021,Cat A,1,883.0,880.0,1212.0,45600.0,42283,42663.547,46010.399999999994
871,4,2021,Cat A,2,890.0,883.0,1290.0,49640.0,42283,42663.547,50086.759999999995
872,4,2021,Cat B,1,958.0,949.0,1524.0,52309.0,47316,47741.844,52779.780999999995
873,4,2021,Cat B,2,956.0,949.0,1585.0,61190.0,47316,47741.844,61740.70999999999
874,4,2021,Cat C,1,263.0,263.0,488.0,36134.0,39982,40341.837999999996,36459.206
875,4,2021,Cat C,2,262.0,256.0,441.0,44001.0,39982,40341.837999999996,44397.009
876,4,2021,Cat D,1,560.0,524.0,735.0,8000.0,7607,7675.462999999999,8071.999999999999
877,4,2021,Cat D,2,546.0,532.0,734.0,8000.0,7607,7675.462999999999,8071.999999999999
878,4,2021,Cat E,1,296.0,286.0,635.0,52200.0,0,0.0,52669.799999999996
879,4,2021,Cat E,2,303.0,295.0,633.0,62100.0,0,0.0,62658.899999999994
880,5,2021,Cat A,1,832.0,803.0,1100.0,48002.0,44138,44535.242,48434.018
881,5,2021,Cat A,2,835.0,834.0,1209.0,41801.0,44138,44535.242,42177.208999999995
882,5,2021,Cat B,1,819.0,813.0,1244.0,60001.0,49716,50163.443999999996,60541.00899999999
883,5,2021,Cat B,2,817.0,817.0,1089.0,58089.0,49716,50163.443999999996,58611.80099999999
884,5,2021,Cat C,1,157.0,119.0,261.0,43001.0,40522,40886.698,43388.009
885,5,2021,Cat C,2,164.0,83.0,315.0,41701.0,40522,40886.698,42076.308999999994
886,5,2021,Cat D,1,650.0,639.0,901.0,8011.0,7759,7828.830999999999,8083.098999999999
887,5,2021,Cat D,2,628.0,625.0,904.0,8701.0,7759,7828.830999999999,8779.309
888,5,2021,Cat E,1,268.0,268.0,387.0,63002.0,0,0.0,63569.018
889,5,2021,Cat E,2,266.0,260.0,400.0,62000.0,0,0.0,62557.99999999999
890,6,2021,Cat A,1,858.0,820.0,1439.0,48510.0,45272,45679.448,48946.59
891,6,2021,Cat A,2,830.0,823.0,1178.0,47821.0,45272,45679.448,48251.388999999996
892,6,2021,Cat B,1,815.0,784.0,1107.0,60109.0,53932,54417.38799999999,60649.98099999999
893,6,2021,Cat B,2,809.0,799.0,983.0,56032.0,53932,54417.38799999999,56536.28799999999
894,6,2021,Cat C,1,195.0,190.0,413.0,37002.0,40324,40686.916,37335.018
895,6,2021,Cat C,2,238.0,229.0,478.0,37000.0,40234,40596.10599999999,37332.99999999999
896,6,2021,Cat D,1,626.0,624.0,776.0,8703.0,8043,8115.386999999999,8781.327
897,6,2021,Cat D,2,618.0,577.0,864.0,8501.0,8043,8115.386999999999,8577.509
898,6,2021,Cat E,1,259.0,259.0,331.0,61112.0,0,0.0,61662.007999999994
899,6,2021,Cat E,2,265.0,257.0,519.0,58001.0,0,0.0,58523.00899999999
900,7,2021,Cat A,1,867.0,864.0,1149.0,45001.0,46896,47318.064,45406.009
901,7,2021,Cat A,2,836.0,832.0,1240.0,47010.0,46896,47318.064,47433.09
902,7,2021,Cat B,1,840.0,840.0,1087.0,56100.0,57955,58476.594999999994,56604.899999999994
903,7,2021,Cat B,2,819.0,796.0,1107.0,59501.0,57955,58476.594999999994,60036.50899999999
904,7,2021,Cat C,1,162.0,159.0,340.0,38900.0,39807,40165.263,39250.1
905,7,2021,Cat C,2,166.0,163.0,337.0,39523.0,39807,40165.263,39878.706999999995
906,7,2021,Cat D,1,616.0,612.0,760.0,8502.0,8320,8394.88,8578.518
907,7,2021,Cat D,2,655.0,649.0,863.0,8689.0,8320,8394.88,8767.201
908,7,2021,Cat E,1,259.0,257.0,416.0,57700.0,0,0.0,58219.299999999996
909,7,2021,Cat E,2,267.0,266.0,408.0,60001.0,0,0.0,60541.00899999999
910,8,2021,Cat A,1,805.0,804.0,1021.0,45189.0,46358,46775.221999999994,45595.700999999994
911,8,2021,Cat A,2,806.0,806.0,1127.0,46689.0,46358,46775.221999999994,47109.200999999994
912,8,2021,Cat B,1,771.0,751.0,980.0,56001.0,58306,58830.75399999999,56505.00899999999
913,8,2021,Cat B,2,794.0,793.0,1065.0,61001.0,58306,58830.75399999999,61550.00899999999
914,8,2021,Cat C,1,118.0,111.0,233.0,42589.0,39522,39877.698,42972.30099999999
915,8,2021,Cat C,2,118.0,113.0,220.0,40010.0,39522,39877.698,40370.09
916,8,2021,Cat D,1,449.0,449.0,667.0,8899.0,8518,8594.661999999998,8979.090999999999
917,8,2021,Cat D,2,451.0,447.0,635.0,9500.0,8518,8594.661999999998,9585.499999999998
918,8,2021,Cat E,1,199.0,190.0,288.0,59599.0,0,0.0,60135.390999999996
919,8,2021,Cat E,2,198.0,197.0,408.0,64901.0,0,0.0,65485.109
920,9,2021,Cat A,1,804.0,790.0,1124.0,47000.0,46704,47124.335999999996,47422.99999999999
921,9,2021,Cat A,2,803.0,795.0,1040.0,48000.0,46704,47124.335999999996,48431.99999999999
922,9,2021,Cat B,1,791.0,788.0,1080.0,62600.0,58124,58647.115999999995,63163.399999999994
923,9,2021,Cat B,2,772.0,768.0,1189.0,68310.0,58124,58647.115999999995,68924.79
924,9,2021,Cat C,1,122.0,113.0,211.0,40001.0,39171,39523.539,40361.009
925,9,2021,Cat C,2,120.0,110.0,203.0,39000.0,39171,39523.539,39350.99999999999
926,9,2021,Cat D,1,445.0,445.0,562.0,9689.0,8799,8878.190999999999,9776.201
927,9,2021,Cat D,2,449.0,443.0,658.0,9089.0,8799,8878.190999999999,9170.801
928,9,2021,Cat E,1,206.0,190.0,319.0,64700.0,0,0.0,65282.299999999996
929,9,2021,Cat E,2,198.0,186.0,400.0,70002.0,0,0.0,70632.018
930,10,2021,Cat A,1,816.0,812.0,1077.0,47001.0,46482,46900.337999999996,47424.009
931,10,2021,Cat A,2,811.0,806.0,1304.0,52709.0,46482,46900.337999999996,53183.380999999994
932,10,2021,Cat B,1,774.0,774.0,1130.0,70200.0,60586,61131.27399999999,70831.79999999999
933,10,2021,Cat B,2,774.0,767.0,1240.0,80210.0,60586,61131.27399999999,80931.88999999998
934,10,2021,Cat C,1,125.0,123.0,233.0,38890.0,40004,40364.03599999999,39240.009999999995
935,10,2021,Cat C,2,126.0,125.0,252.0,40501.0,40004,40364.03599999999,40865.509
936,10,2021,Cat D,1,444.0,438.0,633.0,9052.0,9062,9143.557999999999,9133.467999999999
937,10,2021,Cat D,2,450.0,449.0,597.0,9310.0,9062,9143.557999999999,9393.789999999999
938,10,2021,Cat E,1,214.0,200.0,442.0,72756.0,0,0.0,73410.80399999999
939,10,2021,Cat E,2,210.0,191.0,391.0,85000.0,0,0.0,85764.99999999999
940,11,2021,Cat A,1,536.0,531.0,834.0,53709.0,47765,48194.884999999995,54192.380999999994
941,11,2021,Cat A,2,537.0,535.0,706.0,55001.0,47765,48194.884999999995,55496.00899999999
942,11,2021,Cat B,1,587.0,581.0,839.0,82801.0,66387,66984.483,83546.20899999999
943,11,2021,Cat B,2,594.0,585.0,797.0,79601.0,66387,66984.483,80317.40899999999
944,11,2021,Cat C,1,92.0,89.0,173.0,42001.0,40166,40527.494,42379.009
945,11,2021,Cat C,2,91.0,91.0,164.0,43502.0,40166,40527.494,43893.518
946,11,2021,Cat D,1,417.0,409.0,543.0,9381.0,9257,9340.312999999998,9465.428999999998
947,11,2021,Cat D,2,412.0,397.0,557.0,9381.0,9257,9340.312999999998,9465.428999999998
948,11,2021,Cat E,1,159.0,155.0,257.0,88000.0,0,0.0,88791.99999999999
949,11,2021,Cat E,2,164.0,133.0,253.0,86001.0,0,0.0,86775.00899999999
950,12,2021,Cat A,1,536.0,525.0,771.0,57010.0,50570,51025.13,57523.09
951,12,2021,Cat A,2,534.0,534.0,740.0,58801.0,50570,51025.13,59330.208999999995
952,12,2021,Cat B,1,593.0,593.0,822.0,80401.0,73954,74619.586,81124.609
953,12,2021,Cat B,2,595.0,590.0,829.0,80989.0,73954,74619.586,81717.901
954,12,2021,Cat C,1,93.0,93.0,147.0,45000.0,40650,41015.85,45404.99999999999
955,12,2021,Cat C,2,90.0,89.0,150.0,44000.0,40650,41015.85,44395.99999999999
956,12,2021,Cat D,1,420.0,400.0,584.0,9401.0,9317,9400.853,9485.608999999999
957,12,2021,Cat D,2,426.0,422.0,562.0,9601.0,9317,9400.853,9687.409
958,12,2021,Cat E,1,149.0,145.0,245.0,85000.0,0,0.0,85764.99999999999
959,12,2021,Cat E,2,177.0,177.0,241.0,83889.0,0,0.0,84644.00099999999
960,1,2022,Cat A,1,543.0,533.0,760.0,57599.0,54039,56254.598999999995,59960.558999999994
961,1,2022,Cat A,2,531.0,526.0,711.0,57898.0,54039,56254.598999999995,60271.818
962,1,2022,Cat B,1,587.0,586.0,712.0,77700.0,79034,82274.394,80885.7
963,1,2022,Cat B,2,592.0,583.0,907.0,82001.0,79034,82274.394,85363.041
964,1,2022,Cat C,1,90.0,87.0,198.0,42200.0,42316,44050.956,43930.2
965,1,2022,Cat C,2,91.0,91.0,149.0,43001.0,42316,44050.956,44764.041
966,1,2022,Cat D,1,431.0,429.0,573.0,9689.0,9355,9738.554999999998,10086.249
967,1,2022,Cat D,2,416.0,401.0,520.0,10000.0,9355,9738.554999999998,10410.0
968,1,2022,Cat E,1,149.0,149.0,193.0,82501.0,0,0.0,85883.541
969,1,2022,Cat E,2,145.0,145.0,226.0,83911.0,0,0.0,87351.351
970,2,2022,Cat A,1,542.0,542.0,819.0,60761.0,56670,58993.469999999994,63252.200999999994
971,2,2022,Cat A,2,536.0,524.0,876.0,63000.0,56670,58993.469999999994,65583.0
972,2,2022,Cat B,1,550.0,549.0,865.0,86102.0,80583,83886.90299999999,89632.182
973,2,2022,Cat B,2,559.0,554.0,939.0,93590.0,80583,83886.90299999999,97427.18999999999
974,2,2022,Cat C,1,80.0,80.0,149.0,44001.0,43284,45058.644,45805.041
975,2,2022,Cat C,2,76.0,61.0,194.0,46501.0,43284,45058.644,48407.541
976,2,2022,Cat D,1,406.0,405.0,555.0,10010.0,9576,9968.616,10420.41
977,2,2022,Cat D,2,420.0,416.0,521.0,10589.0,9576,9968.616,11023.149
978,2,2022,Cat E,1,180.0,171.0,269.0,87000.0,0,0.0,90567.0
979,2,2022,Cat E,2,180.0,180.0,300.0,93102.0,0,0.0,96919.18199999999
980,3,2022,Cat A,1,531.0,526.0,962.0,68501.0,59179,61605.33899999999,71309.541
981,3,2022,Cat A,2,543.0,542.0,849.0,71556.0,59179,61605.33899999999,74489.79599999999
982,3,2022,Cat B,1,551.0,551.0,860.0,94889.0,83464,86886.02399999999,98779.449
983,3,2022,Cat B,2,555.0,545.0,824.0,98889.0,83464,86886.02399999999,102943.449
984,3,2022,Cat C,1,76.0,67.0,199.0,48889.0,44118,45926.837999999996,50893.44899999999
985,3,2022,Cat C,2,91.0,91.0,166.0,51504.0,44118,45926.837999999996,53615.664
986,3,2022,Cat D,1,405.0,403.0,602.0,11400.0,9882,10287.161999999998,11867.4
987,3,2022,Cat D,2,409.0,409.0,575.0,10501.0,9882,10287.161999999998,10931.541
988,3,2022,Cat E,1,190.0,190.0,318.0,98890.0,0,0.0,102944.48999999999
989,3,2022,Cat E,2,180.0,177.0,344.0,99010.0,0,0.0,103069.40999999999
990,4,2022,Cat A,1,536.0,536.0,723.0,72996.0,63220,65812.01999999999,75988.836
991,4,2022,Cat A,2,532.0,519.0,744.0,68699.0,63220,65812.01999999999,71515.659
992,4,2022,Cat B,1,550.0,550.0,708.0,98389.0,88862,92505.34199999999,102422.949
993,4,2022,Cat B,2,560.0,559.0,687.0,90002.0,88862,92505.34199999999,93692.082
994,4,2022,Cat C,1,85.0,84.0,210.0,54901.0,46016,47902.655999999995,57151.941
995,4,2022,Cat C,2,76.0,76.0,181.0,52002.0,46016,47902.655999999995,54134.081999999995
996,4,2022,Cat D,1,407.0,405.0,561.0,10503.0,10365,10789.964999999998,10933.623
997,4,2022,Cat D,2,404.0,355.0,539.0,9801.0,10365,10789.964999999998,10202.840999999999
998,4,2022,Cat E,1,180.0,174.0,290.0,99999.0,0,0.0,104098.95899999999
999,4,2022,Cat E,2,184.0,182.0,295.0,95801.0,0,0.0,99728.84099999999
1000,5,2022,Cat A,1,612.0,612.0,804.0,70901.0,67586,70357.026,73807.94099999999
1001,5,2022,Cat A,2,625.0,623.0,819.0,68001.0,67586,70357.026,70789.041
1002,5,2022,Cat B,1,527.0,526.0,699.0,92090.0,93644,97483.404,95865.68999999999
1003,5,2022,Cat B,2,528.0,523.0,709.0,95889.0,93644,97483.404,99820.449
1004,5,2022,Cat C,1,104.0,100.0,184.0,50890.0,49633,51667.952999999994,52976.49
1005,5,2022,Cat C,2,103.0,103.0,220.0,51501.0,49633,51667.952999999994,53612.541
1006,5,2022,Cat D,1,563.0,560.0,773.0,9489.0,10468,10897.188,9878.048999999999
1007,5,2022,Cat D,2,609.0,600.0,899.0,9490.0,10468,10897.188,9879.09
1008,5,2022,Cat E,1,195.0,195.0,283.0,91112.0,0,0.0,94847.59199999999
1009,5,2022,Cat E,2,191.0,187.0,309.0,95901.0,0,0.0,99832.94099999999
1010,6,2022,Cat A,1,612.0,607.0,874.0,73801.0,70109,72983.469,76826.841
1011,6,2022,Cat A,2,614.0,598.0,850.0,74989.0,70109,72983.469,78063.549
1012,6,2022,Cat B,1,528.0,528.0,851.0,100684.0,95025,98921.025,104812.044
1013,6,2022,Cat B,2,531.0,531.0,822.0,106001.0,95025,98921.025,110347.041
1014,6,2022,Cat C,1,107.0,107.0,203.0,53002.0,51615,53731.215,55175.081999999995
1015,6,2022,Cat C,2,103.0,103.0,224.0,53011.0,51615,53731.215,55184.450999999994
1016,6,2022,Cat D,1,563.0,542.0,859.0,10000.0,10198,10616.117999999999,10410.0
1017,6,2022,Cat D,2,570.0,570.0,717.0,10302.0,10198,10616.117999999999,10724.382
1018,6,2022,Cat E,1,190.0,185.0,316.0,100697.0,0,0.0,104825.57699999999
1019,6,2022,Cat E,2,194.0,190.0,276.0,104400.0,0,0.0,108680.4
1020,7,2022,Cat A,1,617.0,606.0,900.0,78001.0,71565,74499.165,81199.041
1021,7,2022,Cat A,2,628.0,620.0,834.0,78899.0,71565,74499.165,82133.859
1022,7,2022,Cat B,1,527.0,522.0,695.0,107800.0,97176,101160.21599999999,112219.79999999999
1023,7,2022,Cat B,2,527.0,526.0,702.0,110003.0,97176,101160.21599999999,114513.12299999999
1024,7,2022,Cat C,1,102.0,91.0,160.0,54001.0,52552,54706.632,56215.041
1025,7,2022,Cat C,2,102.0,98.0,174.0,54889.0,52552,54706.632,57139.44899999999
1026,7,2022,Cat D,1,582.0,513.0,768.0,10889.0,9931,10338.170999999998,11335.448999999999
1027,7,2022,Cat D,2,561.0,555.0,723.0,10910.0,9931,10338.170999999998,11357.31
1028,7,2022,Cat E,1,195.0,191.0,340.0,110524.0,0,0.0,115055.484
1029,7,2022,Cat E,2,194.0,194.0,317.0,114001.0,0,0.0,118675.041
1030,8,2022,Cat A,1,554.0,541.0,689.0,80000.0,74099,77137.059,83280.0
1031,8,2022,Cat A,2,551.0,551.0,835.0,87889.0,74099,77137.059,91492.449
1032,8,2022,Cat B,1,474.0,474.0,612.0,107001.0,102078,106263.19799999999,111388.041
1033,8,2022,Cat B,2,471.0,470.0,665.0,112001.0,102078,106263.19799999999,116593.041
1034,8,2022,Cat C,1,95.0,93.0,168.0,56089.0,52883,55051.202999999994,58388.649
1035,8,2022,Cat C,2,87.0,87.0,196.0,59090.0,52883,55051.202999999994,61512.689999999995
1036,8,2022,Cat D,1,573.0,562.0,696.0,11000.0,10180,10597.38,11451.0
1037,8,2022,Cat D,2,510.0,502.0,673.0,11101.0,10180,10597.38,11556.141
1038,8,2022,Cat E,1,167.0,165.0,293.0,113000.0,0,0.0,117632.99999999999
1039,8,2022,Cat E,2,163.0,151.0,273.0,112001.0,0,0.0,116593.041
1040,9,2022,Cat A,1,556.0,535.0,723.0,86000.0,78930,82166.12999999999,89526.0
1041,9,2022,Cat A,2,543.0,527.0,759.0,84000.0,78930,82166.12999999999,87444.0
1042,9,2022,Cat B,1,470.0,466.0,627.0,113000.0,107249,111646.20899999999,117632.99999999999
1043,9,2022,Cat B,2,471.0,471.0,553.0,108051.0,107249,111646.20899999999,112481.09099999999
1044,9,2022,Cat C,1,85.0,84.0,179.0,64989.0,55014,57269.57399999999,67653.549
1045,9,2022,Cat C,2,83.0,75.0,157.0,67001.0,55014,57269.57399999999,69748.041
1046,9,2022,Cat D,1,515.0,514.0,588.0,11301.0,10701,11139.741,11764.340999999999
1047,9,2022,Cat D,2,512.0,500.0,658.0,11589.0,10701,11139.741,12064.149
1048,9,2022,Cat E,1,165.0,150.0,260.0,113299.0,0,0.0,117944.25899999999
1049,9,2022,Cat E,2,176.0,176.0,297.0,107201.0,0,0.0,111596.241
1050,10,2022,Cat A,1,564.0,561.0,724.0,80501.0,82465,85846.06499999999,83801.541
1051,10,2022,Cat A,2,559.0,558.0,714.0,81089.0,82465,85846.06499999999,84413.64899999999
1052,10,2022,Cat B,1,474.0,472.0,635.0,95856.0,109643,114138.363,99786.09599999999
1053,10,2022,Cat B,2,470.0,463.0,848.0,110000.0,109643,114138.363,114509.99999999999
1054,10,2022,Cat C,1,84.0,83.0,148.0,65991.0,59334,61766.693999999996,68696.631
1055,10,2022,Cat C,2,91.0,86.0,297.0,70201.0,59334,61766.693999999996,73079.241
1056,10,2022,Cat D,1,505.0,504.0,624.0,11751.0,11132,11588.411999999998,12232.791
1057,10,2022,Cat D,2,516.0,511.0,632.0,12801.0,11132,11588.411999999998,13325.840999999999
1058,10,2022,Cat E,1,179.0,179.0,232.0,105001.0,0,0.0,109306.041
1059,10,2022,Cat E,2,164.0,160.0,285.0,108003.0,0,0.0,112431.12299999999
1060,11,2022,Cat A,1,460.0,460.0,687.0,87235.0,83247,86660.127,90811.635
1061,11,2022,Cat A,2,459.0,444.0,622.0,90589.0,83247,86660.127,94303.14899999999
1062,11,2022,Cat B,1,411.0,393.0,640.0,115388.0,107652,112065.73199999999,120118.908
1063,11,2022,Cat B,2,416.0,416.0,568.0,113881.0,107652,112065.73199999999,118550.12099999998
1064,11,2022,Cat C,1,70.0,69.0,147.0,76302.0,63894,66513.654,79430.382
1065,11,2022,Cat C,2,73.0,73.0,122.0,81802.0,63894,66513.654,85155.882
1066,11,2022,Cat D,1,441.0,440.0,537.0,13189.0,11591,12066.231,13729.749
1067,11,2022,Cat D,2,445.0,420.0,594.0,12589.0,11591,12066.231,13105.149
1068,11,2022,Cat E,1,146.0,143.0,283.0,116577.0,0,0.0,121356.65699999999
1069,11,2022,Cat E,2,150.0,149.0,242.0,114009.0,0,0.0,118683.36899999999
1070,12,2022,Cat A,1,458.0,454.0,616.0,88503.0,84903,88384.02299999999,92131.62299999999
1071,12,2022,Cat A,2,473.0,472.0,618.0,88007.0,84903,88384.02299999999,91615.287
1072,12,2022,Cat B,1,427.0,426.0,568.0,105501.0,109363,113846.88299999999,109826.541
1073,12,2022,Cat B,2,409.0,409.0,564.0,108006.0,109363,113846.88299999999,112434.246
1074,12,2022,Cat C,1,69.0,68.0,118.0,81501.0,71048,73960.968,84842.541
1075,12,2022,Cat C,2,69.0,60.0,147.0,78200.0,71048,73960.968,81406.2
1076,12,2022,Cat D,1,441.0,437.0,544.0,12100.0,12204,12704.364,12596.099999999999
1077,12,2022,Cat D,2,465.0,461.0,647.0,11690.0,12204,12704.364,12169.289999999999
1078,12,2022,Cat E,1,149.0,148.0,266.0,110524.0,0,0.0,115055.484
1079,12,2022,Cat E,2,146.0,143.0,273.0,109600.0,0,0.0,114093.59999999999
1080,1,2023,Cat A,1,462.0,459.0,649.0,80000.0,85988,89599.496,83360.0
1081,1,2023,Cat A,2,459.0,456.0,627.0,86000.0,85988,89599.496,89612.0
1082,1,2023,Cat B,1,410.0,410.0,487.0,102002.0,108106,112646.452,106286.084
1083,1,2023,Cat B,2,408.0,402.0,514.0,105459.0,108106,112646.452,109888.278
1084,1,2023,Cat C,1,70.0,70.0,183.0,77301.0,75667,78845.014,80547.642
1085,1,2023,Cat C,2,78.0,74.0,182.0,77109.0,75667,78845.014,80347.57800000001
1086,1,2023,Cat D,1,445.0,432.0,678.0,10890.0,12354,12872.868,11347.380000000001
1087,1,2023,Cat D,2,445.0,431.0,572.0,11101.0,12354,12872.868,11567.242
1088,1,2023,Cat E,1,146.0,146.0,285.0,107889.0,0,0.0,112420.338
1089,1,2023,Cat E,2,149.0,147.0,248.0,107000.0,0,0.0,111494.0
1090,2,2023,Cat A,1,509.0,497.0,663.0,86000.0,86723,90365.36600000001,89612.0
1091,2,2023,Cat A,2,508.0,504.0,702.0,86556.0,86723,90365.36600000001,90191.352
1092,2,2023,Cat B,1,430.0,430.0,580.0,105524.0,108373,112924.666,109956.008
1093,2,2023,Cat B,2,436.0,401.0,768.0,115001.0,108373,112924.666,119831.042
1094,2,2023,Cat C,1,44.0,44.0,108.0,85119.0,78703,82008.526,88693.998
1095,2,2023,Cat C,2,47.0,40.0,136.0,87790.0,78703,82008.526,91477.18000000001
1096,2,2023,Cat D,1,477.0,475.0,594.0,11602.0,11927,12427.934000000001,12089.284
1097,2,2023,Cat D,2,479.0,453.0,611.0,12189.0,11927,12427.934000000001,12700.938
1098,2,2023,Cat E,1,129.0,126.0,229.0,105002.0,0,0.0,109412.084
1099,2,2023,Cat E,2,132.0,129.0,274.0,118001.0,0,0.0,122957.042
1100,3,2023,Cat A,1,517.0,507.0,665.0,88000.0,85845,89450.49,91696.0
1101,3,2023,Cat A,2,510.0,508.0,768.0,93503.0,85845,89450.49,97430.126
1102,3,2023,Cat B,1,431.0,431.0,629.0,115501.0,106916,111406.47200000001,120352.042
1103,3,2023,Cat B,2,466.0,466.0,670.0,116201.0,106916,111406.47200000001,121081.44200000001
1104,3,2023,Cat C,1,43.0,39.0,65.0,91101.0,81170,84579.14,94927.242
1105,3,2023,Cat C,2,50.0,42.0,107.0,85389.0,81170,84579.14,88975.338
1106,3,2023,Cat D,1,467.0,465.0,566.0,12390.0,11596,12083.032000000001,12910.380000000001
1107,3,2023,Cat D,2,490.0,490.0,616.0,12001.0,11596,12083.032000000001,12505.042000000001
1108,3,2023,Cat E,1,132.0,128.0,254.0,116000.0,0,0.0,120872.0
1109,3,2023,Cat E,2,132.0,125.0,265.0,116020.0,0,0.0,120892.84000000001
1110,4,2023,Cat A,1,515.0,508.0,749.0,96501.0,86677,90317.43400000001,100554.042
1111,4,2023,Cat A,2,507.0,489.0,750.0,103721.0,86677,90317.43400000001,108077.282
1112,4,2023,Cat B,1,430.0,414.0,566.0,118501.0,109948,114565.816,123478.042
1113,4,2023,Cat B,2,430.0,403.0,553.0,120889.0,109948,114565.816,125966.338
1114,4,2023,Cat C,1,47.0,47.0,103.0,76801.0,83969,87495.698,80026.642
1115,4,2023,Cat C,2,51.0,47.0,116.0,75334.0,83969,87495.698,78498.028
1116,4,2023,Cat D,1,466.0,454.0,529.0,12001.0,11696,12187.232,12505.042000000001
1117,4,2023,Cat D,2,465.0,436.0,510.0,12179.0,11696,12187.232,12690.518
1118,4,2023,Cat E,1,134.0,133.0,252.0,118990.0,0,0.0,123987.58
1119,4,2023,Cat E,2,137.0,136.0,252.0,124501.0,0,0.0,129730.042
1120,5,2023,Cat A,1,474.0,472.0,663.0,101001.0,92381,96261.00200000001,105243.042
1121,5,2023,Cat A,2,596.0,588.0,936.0,92000.0,92381,96261.00200000001,95864.0
1122,5,2023,Cat B,1,410.0,410.0,513.0,119399.0,115270,120111.34000000001,124413.758
1123,5,2023,Cat B,2,480.0,480.0,713.0,113034.0,115270,120111.34000000001,117781.428
1124,5,2023,Cat C,1,68.0,68.0,109.0,75589.0,83589,87099.738,78763.738
1125,5,2023,Cat C,2,72.0,70.0,148.0,77501.0,83589,87099.738,80756.042
1126,5,2023,Cat D,1,554.0,542.0,670.0,5002.0,12061,12567.562,5212.084
1127,5,2023,Cat D,2,571.0,562.0,1438.0,10602.0,12061,12567.562,11047.284
1128,5,2023,Cat E,1,125.0,125.0,271.0,124002.0,0,0.0,129210.084
1129,5,2023,Cat E,2,125.0,104.0,301.0,125000.0,0,0.0,130250.0
1130,6,2023,Cat A,1,581.0,571.0,881.0,98001.0,95788,99811.096,102117.042
1131,6,2023,Cat A,2,586.0,583.0,751.0,96206.0,95788,99811.096,100246.652
1132,6,2023,Cat B,1,454.0,437.0,719.0,120702.0,117255,122179.71,125771.48400000001
1133,6,2023,Cat B,2,454.0,446.0,622.0,121000.0,117255,122179.71,126082.0
1134,6,2023,Cat C,1,68.0,60.0,151.0,81801.0,80286,83658.012,85236.642
1135,6,2023,Cat C,2,71.0,71.0,178.0,83140.0,80286,83658.012,86631.88
1136,6,2023,Cat D,1,555.0,519.0,972.0,11001.0,10696,11145.232,11463.042000000001
1137,6,2023,Cat D,2,551.0,543.0,796.0,10709.0,10696,11145.232,11158.778
1138,6,2023,Cat E,1,124.0,118.0,280.0,120889.0,0,0.0,125966.338
1139,6,2023,Cat E,2,145.0,140.0,312.0,123000.0,0,0.0,128166.0
1140,7,2023,Cat A,1,588.0,587.0,756.0,97000.0,97905,102017.01000000001,101074.0
1141,7,2023,Cat A,2,581.0,576.0,728.0,95202.0,97905,102017.01000000001,99200.484
1142,7,2023,Cat B,1,471.0,470.0,594.0,118002.0,118921,123915.682,122958.084
1143,7,2023,Cat B,2,462.0,453.0,602.0,118001.0,118921,123915.682,122957.042
1144,7,2023,Cat C,1,77.0,69.0,147.0,82223.0,78361,81652.162,85676.36600000001
1145,7,2023,Cat C,2,69.0,69.0,133.0,82001.0,78361,81652.162,85445.042
1146,7,2023,Cat D,1,579.0,550.0,846.0,10090.0,10249,10679.458,10513.78
1147,7,2023,Cat D,2,551.0,550.0,840.0,10501.0,10249,10679.458,10942.042000000001
1148,7,2023,Cat E,1,130.0,119.0,217.0,121000.0,0,0.0,126082.0
1149,7,2023,Cat E,2,129.0,128.0,243.0,122110.0,0,0.0,127238.62000000001
1150,8,2023,Cat A,1,632.0,618.0,949.0,99499.0,96569,100624.898,103677.958
1151,8,2023,Cat A,2,636.0,616.0,908.0,100000.0,96569,100624.898,104200.0
1152,8,2023,Cat B,1,470.0,469.0,853.0,126889.0,118357,123327.994,132218.33800000002
1153,8,2023,Cat B,2,478.0,451.0,731.0,129890.0,118357,123327.994,135345.38
1154,8,2023,Cat C,1,122.0,121.0,222.0,82100.0,80376,83751.792,85548.2
1155,8,2023,Cat C,2,114.0,114.0,180.0,82801.0,80376,83751.792,86278.642
1156,8,2023,Cat D,1,522.0,443.0,759.0,11501.0,9651,10056.342,11984.042000000001
1157,8,2023,Cat D,2,495.0,486.0,654.0,11402.0,9651,10056.342,11880.884
1158,8,2023,Cat E,1,140.0,140.0,237.0,126201.0,0,0.0,131501.442
1159,8,2023,Cat E,2,131.0,107.0,237.0,131000.0,0,0.0,136502.0
1160,9,2023,Cat A,1,645.0,640.0,840.0,101000.0,97652,101753.384,105242.0
1161,9,2023,Cat A,2,651.0,635.0,864.0,105000.0,97652,101753.384,109410.0
1162,9,2023,Cat B,1,470.0,466.0,723.0,134889.0,122414,127555.388,140554.33800000002
1163,9,2023,Cat B,2,496.0,494.0,735.0,140889.0,122414,127555.388,146806.33800000002
1164,9,2023,Cat C,1,115.0,115.0,182.0,82889.0,82345,85803.49,86370.338
1165,9,2023,Cat C,2,114.0,114.0,153.0,83801.0,82345,85803.49,87320.642
1166,9,2023,Cat D,1,573.0,569.0,758.0,10901.0,10868,11324.456,11358.842
1167,9,2023,Cat D,2,502.0,494.0,639.0,10700.0,10868,11324.456,11149.4
1168,9,2023,Cat E,1,130.0,120.0,219.0,137000.0,0,0.0,142754.0
1169,9,2023,Cat E,2,153.0,144.0,282.0,144640.0,0,0.0,150714.88
1170,10,2023,Cat A,1,785.0,779.0,1039.0,104000.0,99617,103800.914,108368.0
1171,10,2023,Cat A,2,797.0,791.0,1028.0,106000.0,99617,103800.914,110452.0
1172,10,2023,Cat B,1,474.0,472.0,643.0,146002.0,128094,133473.948,152134.084
1173,10,2023,Cat B,2,472.0,458.0,623.0,150001.0,128094,133473.948,156301.04200000002
1174,10,2023,Cat C,1,114.0,112.0,191.0,85900.0,82636,86106.712,89507.8
1175,10,2023,Cat C,2,114.0,112.0,186.0,84790.0,82636,86106.712,88351.18000000001
1176,10,2023,Cat D,1,497.0,494.0,661.0,10856.0,10850,11305.7,11311.952000000001
1177,10,2023,Cat D,2,502.0,474.0,632.0,11201.0,10850,11305.7,11671.442000000001
1178,10,2023,Cat E,1,140.0,140.0,261.0,152000.0,0,0.0,158384.0
1179,10,2023,Cat E,2,138.0,127.0,228.0,158004.0,0,0.0,164640.168
1180,11,2023,Cat A,1,924.0,915.0,1165.0,95689.0,102584,106892.528,99707.93800000001
1181,11,2023,Cat A,2,925.0,925.0,1291.0,85001.0,102584,106892.528,88571.042
1182,11,2023,Cat B,1,636.0,631.0,830.0,110001.0,138094,143893.948,114621.042
1183,11,2023,Cat B,2,648.0,638.0,1228.0,135336.0,138094,143893.948,141020.112
1184,11,2023,Cat C,1,190.0,186.0,281.0,78001.0,83714,87229.988,81277.042
1185,11,2023,Cat C,2,190.0,186.0,368.0,73889.0,83714,87229.988,76992.338
1186,11,2023,Cat D,1,520.0,512.0,630.0,10889.0,11094,11559.948,11346.338
1187,11,2023,Cat D,2,545.0,518.0,702.0,10001.0,11094,11559.948,10421.042000000001
1188,11,2023,Cat E,1,141.0,136.0,227.0,125011.0,0,0.0,130261.462
1189,11,2023,Cat E,2,151.0,144.0,323.0,135002.0,0,0.0,140672.084
1190,12,2023,Cat A,1,928.0,923.0,1233.0,88020.0,99449,103625.85800000001,91716.84
1191,12,2023,Cat A,2,919.0,915.0,1166.0,85000.0,99449,103625.85800000001,88570.0
1192,12,2023,Cat B,1,638.0,638.0,933.0,130100.0,136187,141906.854,135564.2
1193,12,2023,Cat B,2,643.0,619.0,847.0,110001.0,136187,141906.854,114621.042
1194,12,2023,Cat C,1,193.0,188.0,346.0,71001.0,81545,84969.89,73983.042
1195,12,2023,Cat C,2,192.0,189.0,359.0,69423.0,81545,84969.89,72338.766
1196,12,2023,Cat D,1,529.0,527.0,731.0,9858.0,10758,11209.836000000001,10272.036
1197,12,2023,Cat D,2,546.0,545.0,646.0,9002.0,10758,11209.836000000001,9380.084
1198,12,2023,Cat E,1,145.0,136.0,287.0,133388.0,0,0.0,138990.296
1199,12,2023,Cat E,2,147.0,147.0,228.0,118388.0,0,0.0,123360.296
1200,1,2024,Cat A,1,924.0,920.0,1184.0,65010.0,93952,93952.0,65010.0
1201,1,2024,Cat A,2,923.0,921.0,1880.0,81589.0,93952,93952.0,81589.0
1202,1,2024,Cat B,1,633.0,628.0,850.0,85010.0,130241,130241.0,85010.0
1203,1,2024,Cat B,2,657.0,657.0,1308.0,112000.0,130241,130241.0,112000.0
1204,1,2024,Cat C,1,193.0,192.0,340.0,67599.0,77168,77168.0,67599.0
1205,1,2024,Cat C,2,191.0,187.0,394.0,68001.0,77168,77168.0,68001.0
1206,1,2024,Cat D,1,523.0,514.0,666.0,9114.0,10302,10302.0,9114.0
1207,1,2024,Cat D,2,520.0,491.0,615.0,9309.0,10302,10302.0,9309.0
1208,1,2024,Cat E,1,149.0,140.0,263.0,106388.0,0,0.0,106388.0
1209,1,2024,Cat E,2,140.0,136.0,267.0,109004.0,0,0.0,109004.0
1210,2,2024,Cat A,1,938.0,910.0,1931.0,79000.0,83385,83385.0,79000.0
1211,2,2024,Cat A,2,937.0,936.0,1909.0,76801.0,83385,83385.0,76801.0
1212,2,2024,Cat B,1,655.0,596.0,1163.0,102338.0,113742,113742.0,102338.0
1213,2,2024,Cat B,2,649.0,642.0,1034.0,97000.0,113742,113742.0,97000.0
1214,2,2024,Cat C,1,196.0,191.0,366.0,72001.0,71319,71319.0,72001.0
1215,2,2024,Cat C,2,199.0,192.0,374.0,73001.0,71319,71319.0,73001.0
1216,2,2024,Cat D,1,530.0,528.0,717.0,9290.0,9696,9696.0,9290.0
1217,2,2024,Cat D,2,548.0,548.0,689.0,8911.0,9696,9696.0,8911.0
1218,2,2024,Cat E,1,163.0,159.0,305.0,100101.0,0,0.0,100101.0
1219,2,2024,Cat E,2,158.0,156.0,271.0,94006.0,0,0.0,94006.0
1220,3,2024,Cat A,1,963.0,923.0,1866.0,83000.0,79237,79237.0,83000.0
1221,3,2024,Cat A,2,936.0,935.0,1922.0,85489.0,79237,79237.0,85489.0
1222,3,2024,Cat B,1,708.0,704.0,1073.0,96010.0,106075,106075.0,96010.0
1223,3,2024,Cat B,2,656.0,615.0,1066.0,96011.0,106075,106075.0,96011.0
1224,3,2024,Cat C,1,200.0,198.0,303.0,75599.0,70171,70171.0,75599.0
1225,3,2024,Cat C,2,202.0,202.0,313.0,70112.0,70171,70171.0,70112.0
1226,3,2024,Cat D,1,520.0,518.0,646.0,9400.0,9248,9248.0,9400.0
1227,3,2024,Cat D,2,521.0,516.0,629.0,9689.0,9248,9248.0,9689.0
1228,3,2024,Cat E,1,159.0,150.0,282.0,95010.0,0,0.0,95010.0
1229,3,2024,Cat E,2,157.0,157.0,256.0,95856.0,0,0.0,95856.0
1230,4,2024,Cat A,1,975.0,970.0,1922.0,89000.0,78482,78482.0,89000.0
1231,4,2024,Cat A,2,936.0,916.0,1390.0,94010.0,78482,78482.0,94010.0
1232,4,2024,Cat B,1,653.0,645.0,1208.0,101334.0,98062,98062.0,101334.0
1233,4,2024,Cat B,2,690.0,690.0,1008.0,102001.0,98062,98062.0,102001.0
1234,4,2024,Cat C,1,197.0,196.0,365.0,67501.0,71053,71053.0,67501.0
1235,4,2024,Cat C,2,195.0,193.0,332.0,68502.0,71053,71053.0,68502.0
1236,4,2024,Cat D,1,520.0,510.0,610.0,10000.0,9286,9286.0,10000.0
1237,4,2024,Cat D,2,522.0,514.0,625.0,9990.0,9286,9286.0,9990.0
1238,4,2024,Cat E,1,164.0,161.0,333.0,101002.0,0,0.0,101002.0
1239,4,2024,Cat E,2,155.0,151.0,269.0,103249.0,0,0.0,103249.0
1240,5,2024,Cat A,1,968.0,968.0,1632.0,93604.0,84550,84550.0,93604.0
1241,5,2024,Cat A,2,983.0,980.0,1444.0,92700.0,84550,84550.0,92700.0
1242,5,2024,Cat B,1,666.0,638.0,1237.0,105002.0,99116,99116.0,105002.0
1243,5,2024,Cat B,2,658.0,641.0,1099.0,105689.0,99116,99116.0,105689.0
1244,5,2024,Cat C,1,206.0,181.0,350.0,70001.0,71120,71120.0,70001.0
1245,5,2024,Cat C,2,207.0,198.0,382.0,72001.0,71120,71120.0,72001.0
1246,5,2024,Cat D,1,528.0,528.0,630.0,9503.0,9547,9547.0,9503.0
1247,5,2024,Cat D,2,526.0,523.0,604.0,9311.0,9547,9547.0,9311.0
1248,5,2024,Cat E,1,177.0,169.0,317.0,104689.0,0,0.0,104689.0
1249,5,2024,Cat E,2,178.0,176.0,295.0,105002.0,0,0.0,105002.0
1250,6,2024,Cat A,1,962.0,957.0,1467.0,88200.0,89634,89634.0,88200.0
1251,6,2024,Cat A,2,966.0,955.0,1403.0,90889.0,89634,89634.0,90889.0
1252,6,2024,Cat B,1,685.0,671.0,974.0,100607.0,101008,101008.0,100607.0
1253,6,2024,Cat B,2,674.0,670.0,1046.0,102334.0,101008,101008.0,102334.0
1254,6,2024,Cat C,1,230.0,222.0,334.0,70589.0,70620,70620.0,70589.0
1255,6,2024,Cat C,2,214.0,206.0,291.0,69900.0,70620,70620.0,69900.0
1256,6,2024,Cat D,1,519.0,519.0,628.0,8989.0,9649,9649.0,8989.0
1257,6,2024,Cat D,2,520.0,519.0,620.0,9002.0,9649,9649.0,9002.0
1258,6,2024,Cat E,1,183.0,182.0,319.0,101600.0,0,0.0,101600.0
1259,6,2024,Cat E,2,177.0,175.0,301.0,100000.0,0,0.0,100000.0
1260,7,2024,Cat A,1,967.0,932.0,1429.0,91001.0,91401,91401.0,91001.0
1261,7,2024,Cat A,2,973.0,972.0,1342.0,91899.0,91401,91401.0,91899.0
1262,7,2024,Cat B,1,671.0,671.0,896.0,100901.0,102828,102828.0,100901.0
1263,7,2024,Cat B,2,661.0,639.0,891.0,100000.0,102828,102828.0,100000.0
1264,7,2024,Cat C,1,214.0,213.0,325.0,70001.0,69749,69749.0,70001.0
1265,7,2024,Cat C,2,214.0,214.0,355.0,70601.0,69749,69749.0,70601.0
1266,7,2024,Cat D,1,517.0,517.0,571.0,8900.0,9466,9466.0,8900.0
1267,7,2024,Cat D,2,518.0,512.0,591.0,9089.0,9466,9466.0,9089.0
1268,7,2024,Cat E,1,176.0,170.0,309.0,100889.0,0,0.0,100889.0
1269,7,2024,Cat E,2,177.0,177.0,300.0,100341.0,0,0.0,100341.0
1270,8,2024,Cat A,1,1013.0,1007.0,1570.0,94289.0,91383,91383.0,94289.0
1271,8,2024,Cat A,2,978.0,966.0,1314.0,93900.0,91383,91383.0,93900.0
1272,8,2024,Cat B,1,663.0,662.0,1150.0,106101.0,102423,102423.0,106101.0
1273,8,2024,Cat B,2,686.0,686.0,985.0,105889.0,102423,102423.0,105889.0
1274,8,2024,Cat C,1,218.0,218.0,312.0,71100.0,70516,70516.0,71100.0
1275,8,2024,Cat C,2,216.0,215.0,333.0,72400.0,70516,70516.0,72400.0
1276,8,2024,Cat D,1,517.0,513.0,599.0,9601.0,9133,9133.0,9601.0
1277,8,2024,Cat D,2,523.0,522.0,614.0,9310.0,9133,9133.0,9310.0
1278,8,2024,Cat E,1,178.0,175.0,322.0,105239.0,0,0.0,105239.0
1279,8,2024,Cat E,2,173.0,168.0,350.0,106001.0,0,0.0,106001.0
1280,9,2024,Cat A,1,1013.0,1007.0,1570.0,94289.0,91697,91697.0,94289.0
1281,9,2024,Cat A,2,978.0,966.0,1314.0,93900.0,91697,91697.0,93900.0
1282,9,2024,Cat B,1,663.0,662.0,1150.0,106101.0,102639,102639.0,106101.0
1283,9,2024,Cat B,2,686.0,686.0,985.0,105889.0,102639,102639.0,105889.0
1284,9,2024,Cat C,1,218.0,218.0,312.0,71100.0,70766,70766.0,71100.0
1285,9,2024,Cat C,2,216.0,215.0,333.0,72400.0,70766,70766.0,72400.0
1286,9,2024,Cat D,1,517.0,513.0,599.0,9601.0,9149,9149.0,9601.0
1287,9,2024,Cat D,2,523.0,522.0,614.0,9310.0,9149,9149.0,9310.0
1288,9,2024,Cat E,1,178.0,175.0,322.0,105239.0,0,0.0,105239.0
1289,9,2024,Cat E,2,173.0,168.0,350.0,106001.0,0,0.0,106001.0
