Month,Year,Vehicle Category,Bidding Type,Quota,Successful Bids,Received Bids,Quota Premium,PQP
1,2014,Cat A,1,364,361,623,72369,76109
1,2014,Cat A,2,368,364,724,72290,76109
1,2014,Cat B,1,386,377,581,78700,82333
1,2014,Cat B,2,393,388,512,79000,82333
1,2014,Cat C,1,258,252,337,48889,58989
1,2014,Cat C,2,264,249,356,50001,58989
1,2014,Cat D,1,489,487,542,1989,1797
1,2014,Cat D,2,503,503,796,2704,1797
1,2014,Cat E,1,261,244,392,79000,0
1,2014,Cat E,2,261,259,373,78810,0
2,2014,Cat A,1,362,356,719,71564,73237
2,2014,Cat A,2,362,358,700,77201,73237
2,2014,Cat B,1,360,360,523,75300,78382
2,2014,Cat B,2,355,353,519,78604,78382
2,2014,Cat C,1,267,264,364,51002,51418
2,2014,Cat C,2,277,273,392,52890,51418
2,2014,Cat D,1,361,353,550,3051,1952
2,2014,Cat D,2,360,359,478,3501,1952
2,2014,Cat E,1,208,205,351,77003,0
2,2014,Cat E,2,193,191,321,79000,0
3,2014,Cat A,1,365,356,615,76999,73431
3,2014,Cat A,2,362,360,577,78602,73431
3,2014,Cat B,1,350,337,499,80710,76719
3,2014,Cat B,2,353,352,524,82900,76719
3,2014,Cat C,1,265,262,439,56302,50316
3,2014,Cat C,2,266,256,356,53891,50316
3,2014,Cat D,1,368,340,483,4001,2474
3,2014,Cat D,2,360,355,449,4289,2474
3,2014,Cat E,1,193,185,292,82000,0
3,2014,Cat E,2,193,192,293,84001,0
4,2014,Cat A,1,367,360,537,77400,74848
4,2014,Cat A,2,361,357,513,71335,74838
4,2014,Cat B,1,363,363,523,84504,79203
4,2014,Cat B,2,351,349,486,75010,79203
4,2014,Cat C,1,265,261,303,49503,52163
4,2014,Cat C,2,272,266,392,32890,52163
4,2014,Cat D,1,388,388,520,4489,3256
4,2014,Cat D,2,365,350,492,4502,3256
4,2014,Cat E,1,199,197,283,84100,0
4,2014,Cat E,2,192,192,310,73810,0
5,2014,Cat A,1,513,512,676,60002,75517
5,2014,Cat A,2,509,506,997,65689,75517
5,2014,Cat B,1,483,472,778,70002,79505
5,2014,Cat B,2,484,477,716,68103,79505
5,2014,Cat C,1,389,389,715,36301,49413
5,2014,Cat C,2,392,386,709,40889,49413
5,2014,Cat D,1,343,340,445,4001,3973
5,2014,Cat D,2,358,316,492,4003,3973
5,2014,Cat E,1,295,295,525,65501,0
5,2014,Cat E,2,294,285,497,67290,0
6,2014,Cat A,1,507,499,1040,63190,71672
6,2014,Cat A,2,509,506,1040,61889,71672
6,2014,Cat B,1,494,484,807,67304,76872
6,2014,Cat B,2,490,475,716,65700,76872
6,2014,Cat C,1,385,378,617,43001,44963
6,2014,Cat C,2,391,385,597,42001,44963
6,2014,Cat D,1,346,346,449,4089,4215
6,2014,Cat D,2,385,381,503,3890,4215
6,2014,Cat E,1,293,292,465,67334,0
6,2014,Cat E,2,302,276,434,65301,0
7,2014,Cat A,1,513,511,1075,61990,66586
7,2014,Cat A,2,509,505,1190,62890,66586
7,2014,Cat B,1,493,491,812,64889,71771
7,2014,Cat B,2,498,497,850,65001,77771
7,2014,Cat C,1,392,383,653,43390,40765
7,2014,Cat C,2,391,391,779,52010,40765
7,2014,Cat D,1,344,343,415,4001,4163
7,2014,Cat D,2,347,341,410,4252,4163
7,2014,Cat E,1,294,288,441,63001,0
7,2014,Cat E,2,319,317,483,65002,0
8,2014,Cat A,1,574,574,1056,64600,62610
8,2014,Cat A,2,575,574,994,65710,62610
8,2014,Cat B,1,507,501,1090,68689,66834
8,2014,Cat B,2,506,502,1137,72990,66834
8,2014,Cat C,1,267,267,519,54009,42932
8,2014,Cat C,2,257,254,427,52390,42932
8,2014,Cat D,1,316,315,360,4353,4040
8,2014,Cat D,2,322,317,361,4354,4040
8,2014,Cat E,1,245,243,429,69001,0
8,2014,Cat E,2,241,224,358,72810,0
9,2014,Cat A,1,572,568,813,64861,63380
9,2014,Cat A,2,573,573,792,62000,63380
9,2014,Cat B,1,511,511,909,73010,67429
9,2014,Cat B,2,509,507,785,71990,67429
9,2014,Cat C,1,258,256,429,49901,47801
9,2014,Cat C,2,261,252,437,49889,47801
9,2014,Cat D,1,316,316,382,4453,4157
9,2014,Cat D,2,320,318,394,4504,4157
9,2014,Cat E,1,241,235,385,74403,0
9,2014,Cat E,2,256,252,395,74801,0
10,2014,Cat A,1,575,570,1097,63880,63672
10,2014,Cat A,2,572,569,1092,63990,63672
10,2014,Cat B,1,505,501,852,72180,69429
10,2014,Cat B,2,507,506,822,72002,69429
10,2014,Cat C,1,259,257,516,57389,50265
10,2014,Cat C,2,267,266,416,61000,50265
10,2014,Cat D,1,316,316,502,4800,4320
10,2014,Cat D,2,317,310,431,4412,4320
10,2014,Cat E,1,245,236,390,72003,0
10,2014,Cat E,2,242,242,335,72201,0
11,2014,Cat A,1,703,692,1196,64900,64171
11,2014,Cat A,2,701,694,1144,67889,64171
11,2014,Cat B,1,574,559,932,70890,71811
11,2014,Cat B,2,570,560,900,72890,71811
11,2014,Cat C,1,143,143,257,63701,54097
11,2014,Cat C,2,142,134,260,65001,54097
11,2014,Cat D,1,316,315,380,4290,4480
11,2014,Cat D,2,324,322,389,4189,4480
11,2014,Cat E,1,272,271,403,71300,0
11,2014,Cat E,2,263,263,382,73900,0
12,2014,Cat A,1,709,703,996,67089,64584
12,2014,Cat A,2,705,699,868,65889,64584
12,2014,Cat B,1,584,582,873,74389,72161
12,2014,Cat B,2,579,572,755,74000,72161
12,2014,Cat C,1,141,126,196,60001,57814
12,2014,Cat C,2,149,149,268,52100,57814
12,2014,Cat D,1,318,314,392,4210,4442
12,2014,Cat D,2,319,270,367,4312,4442
12,2014,Cat E,1,265,257,370,76904,0
12,2014,Cat E,2,264,264,446,73990,0
1,2015,Cat A,1,704,698,940,66010,65607
1,2015,Cat A,2,705,703,1068,65001,65607
1,2015,Cat B,1,571,570,833,75289,72726
1,2015,Cat B,2,576,576,915,76889,72726
1,2015,Cat C,1,156,155,296,55011,59866
1,2015,Cat C,2,140,139,247,55012,59866
1,2015,Cat D,1,321,319,374,4403,4369
1,2015,Cat D,2,366,360,509,4889,4369
1,2015,Cat E,1,272,265,386,75200,0
1,2015,Cat E,2,264,246,431,76790,0
2,2015,Cat A,1,992,991,1295,62002,66130
2,2015,Cat A,2,988,988,1294,57199,66130
2,2015,Cat B,1,724,723,959,70890,74058
2,2015,Cat B,2,722,721,1037,66751,74058
2,2015,Cat C,1,185,183,311,52101,58471
2,2015,Cat C,2,185,185,333,53202,58471
2,2015,Cat D,1,287,283,384,5504,4383
2,2015,Cat D,2,291,290,396,5800,4383
2,2015,Cat E,1,181,181,288,71921,0
2,2015,Cat E,2,193,193,373,67901,0
3,2015,Cat A,1,987,986,2120,61410,63835
3,2015,Cat A,2,987,987,2251,64700,63835
3,2015,Cat B,1,723,723,1239,68668,73035
3,2015,Cat B,2,723,717,1354,71889,73035
3,2015,Cat C,1,186,183,315,56501,54572
3,2015,Cat C,2,184,175,345,59999,54572
3,2015,Cat D,1,289,288,343,5501,4853
3,2015,Cat D,2,286,286,385,5610,4853
3,2015,Cat E,1,175,162,322,70500,0
3,2015,Cat E,2,174,172,290,72100,0
4,2015,Cat A,1,988,970,2340,67749,62721
4,2015,Cat A,2,987,979,2055,67601,62721
4,2015,Cat B,1,722,716,1661,76612,71730
4,2015,Cat B,2,728,708,1525,78001,71730
4,2015,Cat C,1,188,183,290,64001,55305
4,2015,Cat C,2,194,192,284,53001,55305
4,2015,Cat D,1,286,278,442,6312,5285
4,2015,Cat D,2,285,277,376,6801,5285
4,2015,Cat E,1,187,165,311,78000,0
4,2015,Cat E,2,176,163,331,79500,0
5,2015,Cat A,1,1444,1438,2891,68589,63444
5,2015,Cat A,2,1434,1431,2351,66590,63444
5,2015,Cat B,1,934,934,1631,77600,72136
5,2015,Cat B,2,948,948,1401,75002,72136
5,2015,Cat C,1,373,370,545,50098,56468
5,2015,Cat C,2,370,365,546,52001,56468
5,2015,Cat D,1,334,321,462,6512,5922
5,2015,Cat D,2,334,298,433,6501,5922
5,2015,Cat E,1,292,290,445,78004,0
5,2015,Cat E,2,283,281,364,78001,0
6,2015,Cat A,1,1432,1393,1943,66000,66107
6,2015,Cat A,2,1429,1421,1766,61000,66107
6,2015,Cat B,1,929,923,1384,75000,74629
6,2015,Cat B,2,928,926,1144,71509,74629
6,2015,Cat C,1,371,369,508,50900,55934
6,2015,Cat C,2,373,370,481,50502,55934
6,2015,Cat D,1,339,336,430,6509,6207
6,2015,Cat D,2,363,359,448,6401,6207
6,2015,Cat E,1,272,267,392,75801,0
6,2015,Cat E,2,272,269,373,74501,0
7,2015,Cat A,1,1466,1464,1891,58700,66255
7,2015,Cat A,2,1435,1365,1966,55889,66255
7,2015,Cat B,1,934,933,1225,65501,75621
7,2015,Cat B,2,930,929,1218,58109,75621
7,2015,Cat C,1,370,370,476,50001,53418
7,2015,Cat C,2,371,371,455,50002,53418
7,2015,Cat D,1,330,328,425,6508,6506
7,2015,Cat D,2,331,320,486,6312,6506
7,2015,Cat E,1,274,272,411,69001,0
7,2015,Cat E,2,272,270,441,60101,0
8,2015,Cat A,1,1688,1687,2446,56209,62795
8,2015,Cat A,2,1756,1756,2597,57498,62795
8,2015,Cat B,1,1057,1054,1634,60789,70454
8,2015,Cat B,2,1058,1056,1551,62140,70454
8,2015,Cat C,1,183,183,263,49302,50584
8,2015,Cat C,2,182,182,282,46501,50584
8,2015,Cat D,1,356,356,418,6201,6458
8,2015,Cat D,2,366,319,527,6112,6458
8,2015,Cat E,1,363,361,607,57885,0
8,2015,Cat E,2,363,356,609,61001,0
9,2015,Cat A,1,1688,1688,2553,57089,59216
9,2015,Cat A,2,1687,1684,2276,55399,59216
9,2015,Cat B,1,1059,1058,1628,62101,65508
9,2015,Cat B,2,1058,1041,1371,60001,65508
9,2015,Cat C,1,182,182,371,46801,49535
9,2015,Cat C,2,182,172,356,45289,49535
9,2015,Cat D,1,355,310,473,6512,6341
9,2015,Cat D,2,402,402,509,6158,6341
9,2015,Cat E,1,363,358,580,61010,0
9,2015,Cat E,2,368,368,542,61300,0
10,2015,Cat A,1,1687,1679,2210,56001,56789
10,2015,Cat A,2,1690,1684,2229,57301,56789
10,2015,Cat B,1,1057,1044,1373,58190,61441
10,2015,Cat B,2,1073,1069,1367,59889,61441
10,2015,Cat C,1,182,181,331,44890,47983
10,2015,Cat C,2,192,186,340,42303,47983
10,2015,Cat D,1,400,398,438,6201,6301
10,2015,Cat D,2,355,353,430,6302,6301
10,2015,Cat E,1,366,360,582,58801,0
10,2015,Cat E,2,361,356,584,60000,0
11,2015,Cat A,1,1664,1623,2009,56001,56583
11,2015,Cat A,2,1662,1650,2140,59200,56583
11,2015,Cat B,1,1037,1031,1267,57501,60519
11,2015,Cat B,2,1029,1026,1388,61103,60519
11,2015,Cat C,1,241,240,372,43809,45848
11,2015,Cat C,2,247,244,389,45890,45848
11,2015,Cat D,1,329,301,402,5912,6248
11,2015,Cat D,2,329,324,436,6502,6248
11,2015,Cat E,1,367,363,505,60689,0
11,2015,Cat E,2,365,365,519,62019,0
12,2015,Cat A,1,1698,1696,2132,56989,56832
12,2015,Cat A,2,1669,1667,1978,54301,56832
12,2015,Cat B,1,1031,1028,1324,60001,59798
12,2015,Cat B,2,1027,1025,1200,55001,59798
12,2015,Cat C,1,241,236,345,48101,44831
12,2015,Cat C,2,244,243,311,46001,44831
12,2015,Cat D,1,355,354,414,6501,6265
12,2015,Cat D,2,332,332,394,6600,6265
12,2015,Cat E,1,364,362,495,60003,0
12,2015,Cat E,2,360,360,512,57501,0
1,2016,Cat A,1,1659,1649,2013,45002,56633
1,2016,Cat A,2,1659,1638,3437,51301,56633
1,2016,Cat B,1,1027,1019,1262,54920,58615
1,2016,Cat B,2,1026,1026,1334,50089,58615
1,2016,Cat C,1,246,245,353,42036,45166
1,2016,Cat C,2,242,239,387,46502,45166
1,2016,Cat D,1,328,317,409,6889,6337
1,2016,Cat D,2,327,322,415,6512,6337
1,2016,Cat E,1,362,361,498,55089,0
1,2016,Cat E,2,360,350,713,51000,0
2,2016,Cat A,1,2038,2033,2972,46651,53799
2,2016,Cat A,2,2049,2025,2965,43000,53799
2,2016,Cat B,1,1216,1216,1624,38610,56436
2,2016,Cat B,2,1208,1197,2898,46970,56436
2,2016,Cat C,1,164,164,229,45036,45390
2,2016,Cat C,2,165,160,239,45001,45390
2,2016,Cat D,1,368,368,495,6503,6486
2,2016,Cat D,2,362,361,454,6353,6486
2,2016,Cat E,1,446,443,824,44001,0
2,2016,Cat E,2,456,450,873,45009,0
3,2016,Cat A,1,2033,1957,3518,45000,49541
3,2016,Cat A,2,2053,2020,3836,45504,49541
3,2016,Cat B,1,1209,1200,2706,47604,50932
3,2016,Cat B,2,1220,1218,2491,46502,50932
3,2016,Cat C,1,162,160,259,48890,45447
3,2016,Cat C,2,167,166,226,46502,45447
3,2016,Cat D,1,357,356,430,6503,6560
3,2016,Cat D,2,357,356,429,6589,6560
3,2016,Cat E,1,449,312,951,48002,0
3,2016,Cat E,2,452,445,912,46667,0
4,2016,Cat A,1,2105,2103,3719,46009,46077
4,2016,Cat A,2,2062,2061,3327,47300,46077
4,2016,Cat B,1,1218,1218,2247,47000,47450
4,2016,Cat B,2,1211,1136,2364,49602,47450
4,2016,Cat C,1,164,161,235,44213,45662
4,2016,Cat C,2,163,162,241,43002,45662
4,2016,Cat D,1,357,356,455,6503,6559
4,2016,Cat D,2,357,341,437,6501,6559
4,2016,Cat E,1,583,346,1397,47510,0
4,2016,Cat E,2,453,433,834,49501,0
5,2016,Cat A,1,2218,2217,3446,47889,45578
5,2016,Cat A,2,2217,2182,3227,47020,45578
5,2016,Cat B,1,1462,1454,2435,51010,46048
5,2016,Cat B,2,1537,1536,2322,49156,46048
5,2016,Cat C,1,232,232,324,42302,45441
5,2016,Cat C,2,229,229,355,43002,45441
5,2016,Cat D,1,399,389,519,6302,6492
5,2016,Cat D,2,414,389,500,6303,6492
5,2016,Cat E,1,750,728,1380,49000,0
5,2016,Cat E,2,534,510,815,49700,0
6,2016,Cat A,1,2218,2213,4545,53694,46454
6,2016,Cat A,2,2252,2197,3957,55200,46454
6,2016,Cat B,1,1470,1463,3436,56000,48479
6,2016,Cat B,2,1463,1462,2914,57010,48479
6,2016,Cat C,1,228,219,347,46434,44652
6,2016,Cat C,2,228,226,342,48002,44652
6,2016,Cat D,1,407,395,529,6302,6451
6,2016,Cat D,2,422,389,495,6303,6451
6,2016,Cat E,1,536,533,860,55100,0
6,2016,Cat E,2,538,531,1009,57390,0
7,2016,Cat A,1,2222,2212,3194,52301,49519
7,2016,Cat A,2,2272,2246,3195,53000,49519
7,2016,Cat B,1,1469,1469,2547,56089,51630
7,2016,Cat B,2,1463,1463,2439,57508,51630
7,2016,Cat C,1,237,235,310,47889,44493
7,2016,Cat C,2,230,225,344,49890,44493
7,2016,Cat D,1,409,365,525,6012,6369
7,2016,Cat D,2,430,424,586,6302,6369
7,2016,Cat E,1,517,517,750,56002,0
7,2016,Cat E,2,521,500,821,57501,0
8,2016,Cat A,1,2018,1959,2712,52503,51518
8,2016,Cat A,2,2034,2034,2803,53334,51518
8,2016,Cat B,1,1336,1300,2156,57903,54463
8,2016,Cat B,2,1336,1334,2088,56500,54463
8,2016,Cat C,1,177,177,245,48302,46254
8,2016,Cat C,2,180,178,236,48001,46254
8,2016,Cat D,1,403,400,558,6206,6254
8,2016,Cat D,2,365,321,541,6352,6254
8,2016,Cat E,1,429,400,610,58201,0
8,2016,Cat E,2,450,450,618,56956,0
9,2016,Cat A,1,2067,2011,2739,51506,53339
9,2016,Cat A,2,2008,1993,2610,50000,53339
9,2016,Cat B,1,1372,1358,2183,57002,56835
9,2016,Cat B,2,1338,1334,2017,55501,56835
9,2016,Cat C,1,175,175,260,49801,48047
9,2016,Cat C,2,177,165,237,49890,48047
9,2016,Cat D,1,362,334,521,6452,6247
9,2016,Cat D,2,403,402,478,6501,6247
9,2016,Cat E,1,458,450,723,56889,0
9,2016,Cat E,2,429,429,592,55201,0
10,2016,Cat A,1,2064,1979,2938,51507,52108
10,2016,Cat A,2,2023,2021,2584,50991,52108
10,2016,Cat B,1,1350,1246,1785,53001,56751
10,2016,Cat B,2,1340,1329,1768,56410,56751
10,2016,Cat C,1,176,172,232,48702,48963
10,2016,Cat C,2,188,187,252,45589,48963
10,2016,Cat D,1,387,359,498,6353,6305
10,2016,Cat D,2,360,356,430,6354,6305
10,2016,Cat E,1,436,435,642,54200,0
10,2016,Cat E,2,429,428,678,56340,0
11,2016,Cat A,1,1929,1929,2800,52668,51641
11,2016,Cat A,2,1846,1846,2536,50951,54641
11,2016,Cat B,1,1347,1345,2012,56206,56053
11,2016,Cat B,2,1254,1253,1708,53001,56053
11,2016,Cat C,1,185,181,283,48001,48381
11,2016,Cat C,2,182,181,286,49002,48381
11,2016,Cat D,1,399,396,457,6311,6370
11,2016,Cat D,2,375,331,520,6212,6370
11,2016,Cat E,1,401,388,641,56000,0
11,2016,Cat E,2,401,397,531,54901,0
12,2016,Cat A,1,1844,1812,2335,48000,51271
12,2016,Cat A,2,1844,1843,2554,49751,51271
12,2016,Cat B,1,1245,1237,1494,46229,55187
12,2016,Cat B,2,1244,1242,2052,51109,55187
12,2016,Cat C,1,185,183,262,51209,48498
12,2016,Cat C,2,182,176,274,49500,48498
12,2016,Cat D,1,374,368,436,6113,6364
12,2016,Cat D,2,415,408,484,6101,6364
12,2016,Cat E,1,413,411,643,50010,0
12,2016,Cat E,2,404,404,668,50389,0
1,2017,Cat A,1,1877,1870,2260,50101,50645
1,2017,Cat A,2,1846,1766,2437,50889,50645
1,2017,Cat B,1,1252,1243,1835,53106,52660
1,2017,Cat B,2,1246,1226,1967,52807,52660
1,2017,Cat C,1,183,180,271,46302,48668
1,2017,Cat C,2,186,173,254,47001,48668
1,2017,Cat D,1,376,374,438,6053,6241
1,2017,Cat D,2,377,331,412,6052,6241
1,2017,Cat E,1,401,394,648,53001,0
1,2017,Cat E,2,400,381,662,52600,0
2,2017,Cat A,1,2060,2051,2691,48401,50394
2,2017,Cat A,2,2133,2089,2926,49430,50394
2,2017,Cat B,1,1366,1352,1783,48209,52077
2,2017,Cat B,2,1377,1377,2126,50621,52077
2,2017,Cat C,1,164,155,268,48901,48503
2,2017,Cat C,2,174,171,249,49810,48503
2,2017,Cat D,1,348,326,534,6412,6141
2,2017,Cat D,2,392,384,753,6801,6141
2,2017,Cat E,1,488,488,805,48556,0
2,2017,Cat E,2,500,483,800,51000,0
3,2017,Cat A,1,2061,2045,3190,50789,49429
3,2017,Cat A,2,2096,2096,2961,51765,49429
3,2017,Cat B,1,1371,1368,2298,53300,50347
3,2017,Cat B,2,1357,1345,2081,54000,50347
3,2017,Cat C,1,170,170,216,49002,48788
3,2017,Cat C,2,164,163,251,47036,48788
3,2017,Cat D,1,368,359,546,7483,6256
3,2017,Cat D,2,355,354,453,8081,6256
3,2017,Cat E,1,482,478,763,53001,0
3,2017,Cat E,2,499,499,783,54501,0
4,2017,Cat A,1,2068,2061,2486,52000,50230
4,2017,Cat A,2,2052,2030,2442,51600,50230
4,2017,Cat B,1,1360,1360,1970,54405,52008
4,2017,Cat B,2,1369,1365,2000,54406,52008
4,2017,Cat C,1,162,162,351,45906,48009
4,2017,Cat C,2,163,162,509,26501,48009
4,2017,Cat D,1,355,354,482,7589,6814
4,2017,Cat D,2,347,325,512,6712,6814
4,2017,Cat E,1,486,485,748,54556,0
4,2017,Cat E,2,482,477,712,54616,0
5,2017,Cat A,1,1905,1905,2240,51106,50665
5,2017,Cat A,2,1920,1913,2601,46489,50665
5,2017,Cat B,1,1320,1316,1996,55414,52491
5,2017,Cat B,2,1325,1325,1725,53001,52491
5,2017,Cat C,1,1084,1078,2586,26029,44526
5,2017,Cat C,2,1085,1084,2492,30600,44526
5,2017,Cat D,1,455,433,567,6301,7180
5,2017,Cat D,2,476,470,602,6101,7180
5,2017,Cat E,1,529,528,755,55000,0
5,2017,Cat E,2,532,506,731,52000,0
6,2017,Cat A,1,1898,1893,2245,45201,50625
6,2017,Cat A,2,1906,1898,2302,42801,50625
6,2017,Cat B,1,1325,1324,1582,50110,54088
6,2017,Cat B,2,1321,1320,1651,47501,54088
6,2017,Cat C,1,1091,1087,2309,38501,37513
6,2017,Cat C,2,1086,1085,2125,36879,37513
6,2017,Cat D,1,476,455,743,6101,7045
6,2017,Cat D,2,459,360,931,6001,7045
6,2017,Cat E,1,528,528,878,50526,0
6,2017,Cat E,2,553,519,925,48001,0
7,2017,Cat A,1,1904,1902,2296,42801,48200
7,2017,Cat A,2,1907,1905,2389,44002,48200
7,2017,Cat B,1,1322,1321,1910,49802,52473
7,2017,Cat B,2,1322,1314,1784,50001,52473
7,2017,Cat C,1,1088,1078,2189,40212,34070
7,2017,Cat C,2,1085,1084,1943,42809,34070
7,2017,Cat D,1,474,377,819,6001,6468
7,2017,Cat D,2,552,424,1044,5851,6468
7,2017,Cat E,1,528,521,872,49899,0
7,2017,Cat E,2,562,516,941,50101,0
8,2017,Cat A,1,1817,1812,2403,46778,45400
8,2017,Cat A,2,1817,1817,2148,42900,45400
8,2017,Cat B,1,1286,1281,1978,53711,50972
8,2017,Cat B,2,1293,1290,1683,51000,50972
8,2017,Cat C,1,454,445,742,42801,35839
8,2017,Cat C,2,445,436,836,42004,35839
8,2017,Cat D,1,574,508,879,5701,6060
8,2017,Cat D,2,605,588,1069,3512,6060
8,2017,Cat E,1,547,545,822,52751,0
8,2017,Cat E,2,586,562,781,50000,0
9,2017,Cat A,1,1820,1806,2195,36001,44081
9,2017,Cat A,2,1815,1815,3469,42902,44081
9,2017,Cat B,1,1290,1290,1704,49000,50355
9,2017,Cat B,2,1288,1288,1859,49189,50355
9,2017,Cat C,1,453,406,695,43002,40535
9,2017,Cat C,2,453,453,706,46890,40535
9,2017,Cat D,1,543,535,871,5402,5528
9,2017,Cat D,2,494,493,727,5501,5528
9,2017,Cat E,1,543,543,805,48005,0
9,2017,Cat E,2,565,563,905,49012,0
10,2017,Cat A,1,1829,1827,2808,41761,42564
10,2017,Cat A,2,1815,1809,2391,41617,42564
10,2017,Cat B,1,1285,1284,1646,48109,50451
10,2017,Cat B,2,1285,1277,1718,49996,50451
10,2017,Cat C,1,492,492,723,48902,42953
10,2017,Cat C,2,445,443,611,51890,42953
10,2017,Cat D,1,485,484,721,5010,5328
10,2017,Cat D,2,478,449,687,4903,5328
10,2017,Cat E,1,540,528,869,49000,0
10,2017,Cat E,2,542,539,809,52000,0
11,2017,Cat A,1,1683,1683,3430,47112,41994
11,2017,Cat A,2,1686,1679,2721,46791,41994
11,2017,Cat B,1,1376,1375,2515,57414,50168
11,2017,Cat B,2,1383,1383,2173,57390,50168
11,2017,Cat C,1,242,200,375,58036,45915
11,2017,Cat C,2,244,241,356,57701,45915
11,2017,Cat D,1,509,502,683,5502,5005
11,2017,Cat D,2,538,533,708,5992,5005
11,2017,Cat E,1,524,495,867,57000,0
11,2017,Cat E,2,516,498,844,57501,0
12,2017,Cat A,1,1680,1667,2158,42339,42698
12,2017,Cat A,2,1687,1654,1970,38200,42698
12,2017,Cat B,1,1375,1375,1805,53711,51850
12,2017,Cat B,2,1374,1367,1634,47002,51850
12,2017,Cat C,1,285,279,454,42000,51071
12,2017,Cat C,2,246,232,482,45112,51071
12,2017,Cat D,1,516,500,791,6552,5385
12,2017,Cat D,2,514,458,743,7501,5385
12,2017,Cat E,1,542,537,831,54334,0
12,2017,Cat E,2,531,529,1003,48011,0
1,2018,Cat A,1,1693,1693,2264,41400,42970
1,2018,Cat A,2,1713,1708,1938,36890,42970
1,2018,Cat B,1,1374,1368,1811,45289,52271
1,2018,Cat B,2,1381,1380,1654,42661,52271
1,2018,Cat C,1,249,247,458,40101,50607
1,2018,Cat C,2,257,247,399,39000,50607
1,2018,Cat D,1,525,413,919,7701,5910
1,2018,Cat D,2,565,500,786,8001,5910
1,2018,Cat E,1,518,518,923,47390,0
1,2018,Cat E,2,515,495,817,44000,0
2,2018,Cat A,1,1557,1534,2389,40000,42122
2,2018,Cat A,2,1562,1561,2073,36810,42122
2,2018,Cat B,1,1396,1396,1831,42322,50578
2,2018,Cat B,2,1391,1379,1744,39000,50578
2,2018,Cat C,1,249,249,486,38303,46992
2,2018,Cat C,2,257,256,489,36859,46992
2,2018,Cat D,1,624,608,933,8451,6875
2,2018,Cat D,2,577,568,1073,7667,6875
2,2018,Cat E,1,566,562,790,39903,0
2,2018,Cat E,2,586,581,1216,38801,0
3,2018,Cat A,1,1580,1572,2405,38830,39274
3,2018,Cat A,2,1559,1551,2117,38000,39274
3,2018,Cat B,1,1390,1390,1731,39001,44998
3,2018,Cat B,2,1402,1374,1639,37010,44998
3,2018,Cat C,1,247,202,446,36003,40230
3,2018,Cat C,2,247,234,378,35001,40230
3,2018,Cat D,1,528,525,885,8009,7646
3,2018,Cat D,2,522,517,803,7602,7646
3,2018,Cat E,1,571,525,967,39000,0
3,2018,Cat E,2,571,564,977,38000,0
4,2018,Cat A,1,1566,1564,1888,37000,38655
4,2018,Cat A,2,1566,1566,2027,38510,38655
4,2018,Cat B,1,1389,1388,1689,37605,40881
4,2018,Cat B,2,1417,1414,1919,37330,40881
4,2018,Cat C,1,292,290,500,34001,37545
4,2018,Cat C,2,260,181,461,34202,37545
4,2018,Cat D,1,516,483,953,7114,7906
4,2018,Cat D,2,518,515,727,7115,7906
4,2018,Cat E,1,612,604,967,38039,0
4,2018,Cat E,2,573,571,1027,38389,0
5,2018,Cat A,1,1435,1428,1836,38941,38192
5,2018,Cat A,2,1434,1422,1805,38001,38192
5,2018,Cat B,1,1280,1267,2155,38501,38712
5,2018,Cat B,2,1283,1247,1915,37989,38712
5,2018,Cat C,1,308,188,611,33190,35729
5,2018,Cat C,2,385,382,786,29901,35729
5,2018,Cat D,1,560,515,1171,7204,7660
5,2018,Cat D,2,529,529,898,7115,7660
5,2018,Cat E,1,565,562,1008,38600,0
5,2018,Cat E,2,558,533,836,38700,0
6,2018,Cat A,1,1441,1440,1696,36426,38214
6,2018,Cat A,2,1446,1437,1818,34110,38214
6,2018,Cat B,1,1293,1285,1727,36000,37906
6,2018,Cat B,2,1316,1311,1729,33900,37906
6,2018,Cat C,1,425,417,685,29902,33717
6,2018,Cat C,2,308,293,548,32001,33717
6,2018,Cat D,1,572,487,828,7001,7360
6,2018,Cat D,2,527,517,771,6889,7360
6,2018,Cat E,1,559,525,927,37000,0
6,2018,Cat E,2,581,580,868,34400,0
7,2018,Cat A,1,1435,1427,1626,25000,37165
7,2018,Cat A,2,1443,1412,3100,32699,37165
7,2018,Cat B,1,1288,1288,1637,31000,36888
7,2018,Cat B,2,1285,1278,1919,32551,36888
7,2018,Cat C,1,313,272,535,31092,32200
7,2018,Cat C,2,320,249,538,30889,32200
7,2018,Cat D,1,612,587,807,6514,7073
7,2018,Cat D,2,537,533,772,6189,7073
7,2018,Cat E,1,591,582,975,31001,0
7,2018,Cat E,2,558,558,1082,32809,0
8,2018,Cat A,1,1672,1672,3633,33798,34197
8,2018,Cat A,2,1695,1695,2948,31997,34197
8,2018,Cat B,1,1265,1256,2132,34381,34991
8,2018,Cat B,2,1272,1259,2031,32429,34991
8,2018,Cat C,1,379,330,549,30389,31163
8,2018,Cat C,2,409,204,635,29902,31163
8,2018,Cat D,1,845,791,1208,5514,6819
8,2018,Cat D,2,824,823,1176,4889,6819
8,2018,Cat E,1,536,524,896,33420,0
8,2018,Cat E,2,527,525,927,32311,0
9,2018,Cat A,1,1664,1661,2488,30209,32339
9,2018,Cat A,2,1664,1655,2059,28000,32339
9,2018,Cat B,1,1274,1268,1959,32001,33377
9,2018,Cat B,2,1278,1269,1859,31307,33377
9,2018,Cat C,1,386,381,612,27001,30696
9,2018,Cat C,2,542,529,921,27104,30696
9,2018,Cat D,1,874,867,1213,4390,6166
9,2018,Cat D,2,821,821,1098,4214,6166
9,2018,Cat E,1,540,506,1006,31801,0
9,2018,Cat E,2,530,519,928,32000,0
10,2018,Cat A,1,1664,1661,2488,30209,30284
10,2018,Cat A,2,1664,1655,2059,28000,30284
10,2018,Cat B,1,1271,1241,1886,31301,32279
10,2018,Cat B,2,1273,1267,1856,31302,32279
10,2018,Cat C,1,342,340,522,28501,29397
10,2018,Cat C,2,350,349,470,29501,29397
10,2018,Cat D,1,827,809,1140,4109,5285
10,2018,Cat D,2,819,819,1201,3951,5285
10,2018,Cat E,1,561,543,1066,32552,0
10,2018,Cat E,2,539,527,779,32900,0
11,2018,Cat A,1,1819,1757,2849,28199,29670
11,2018,Cat A,2,1818,1744,2231,25000,29670
11,2018,Cat B,1,1265,1262,2142,32302,32121
11,2018,Cat B,2,1241,1234,1786,31101,32121
11,2018,Cat C,1,332,332,460,29501,28733
11,2018,Cat C,2,331,327,580,27509,28733
11,2018,Cat D,1,1121,1104,1543,2509,4512
11,2018,Cat D,2,1103,1093,1423,2989,4512
11,2018,Cat E,1,557,544,862,32000,0
11,2018,Cat E,2,552,546,930,30959,0
12,2018,Cat A,1,1878,1878,2177,23568,27571
12,2018,Cat A,2,1890,1887,2729,25501,27571
12,2018,Cat B,1,1239,1230,1780,31001,31553
12,2018,Cat B,2,1243,1235,1804,31001,31553
12,2018,Cat C,1,329,328,489,27009,28187
12,2018,Cat C,2,333,318,503,27001,28187
12,2018,Cat D,1,1121,1113,1483,3399,3694
12,2018,Cat D,2,1114,1114,1375,3789,3694
12,2018,Cat E,1,552,546,1021,30851,0
12,2018,Cat E,2,545,545,778,31809,0
1,2019,Cat A,1,1815,1804,2707,25920,26047
1,2019,Cat A,2,1818,1818,2864,26170,26047
1,2019,Cat B,1,1245,1242,1818,32200,31335
1,2019,Cat B,2,1244,1230,2119,33989,31335
1,2019,Cat C,1,330,308,472,27002,28171
1,2019,Cat C,2,344,342,537,26230,28171
1,2019,Cat D,1,1112,1103,1396,3610,3458
1,2019,Cat D,2,1104,1104,1473,2889,3458
1,2019,Cat E,1,546,540,776,32909,0
1,2019,Cat E,2,540,530,797,33689,0
2,2019,Cat A,1,1662,1653,2371,25689,25727
2,2019,Cat A,2,1650,1650,2261,26301,25727
2,2019,Cat B,1,1202,1169,1937,34509,31933
2,2019,Cat B,2,1214,1213,1993,35403,31933
2,2019,Cat C,1,326,324,466,26378,27376
2,2019,Cat C,2,306,306,433,26914,27376
2,2019,Cat D,1,834,834,1164,3709,3198
2,2019,Cat D,2,826,817,1100,3689,3198
2,2019,Cat E,1,403,392,545,35310,0
2,2019,Cat E,2,407,407,658,36667,0
3,2019,Cat A,1,1659,1653,2213,26309,25525
3,2019,Cat A,2,1650,1647,2204,26659,25525
3,2019,Cat B,1,1233,1230,1903,36961,33018
3,2019,Cat B,2,1201,1195,1878,39401,33018
3,2019,Cat C,1,306,301,443,27010,26756
3,2019,Cat C,2,304,304,411,27021,26756
3,2019,Cat D,1,825,822,1175,3602,3515
3,2019,Cat D,2,834,825,1039,3469,3515
3,2019,Cat E,1,408,405,689,37620,0
3,2019,Cat E,2,397,396,730,41000,0
4,2019,Cat A,1,1656,1650,2338,29159,26175
4,2019,Cat A,2,1653,1603,2249,33199,26175
4,2019,Cat B,1,1202,1202,1782,43102,35411
4,2019,Cat B,2,1205,1181,1634,48000,35411
4,2019,Cat C,1,309,304,431,27589,26760
4,2019,Cat C,2,304,284,560,32001,26760
4,2019,Cat D,1,829,803,1193,3501,3495
4,2019,Cat D,2,835,834,1129,3452,3495
4,2019,Cat E,1,400,391,648,48209,0
4,2019,Cat E,2,398,391,667,52410,0
5,2019,Cat A,1,1431,1431,1988,36704,27886
5,2019,Cat A,2,1475,1475,1799,27000,27886
5,2019,Cat B,1,1139,1139,1360,48010,39563
5,2019,Cat B,2,1163,1161,1407,42564,39563
5,2019,Cat C,1,394,394,610,28559,27819
5,2019,Cat C,2,409,406,600,27400,27819
5,2019,Cat D,1,923,896,1154,3352,3571
5,2019,Cat D,2,898,886,1193,3202,3571
5,2019,Cat E,1,384,379,513,52502,0
5,2019,Cat E,2,382,375,626,47000,0
6,2019,Cat A,1,1424,1417,1902,30009,29839
6,2019,Cat A,2,1424,1225,1742,26999,29839
6,2019,Cat B,1,1139,1137,1346,39728,43007
6,2019,Cat B,2,1141,1137,1418,35906,43007
6,2019,Cat C,1,389,389,535,25502,28264
6,2019,Cat C,2,393,390,607,25501,28264
6,2019,Cat D,1,925,920,1149,3090,3430
6,2019,Cat D,2,909,906,1187,3000,3430
6,2019,Cat E,1,380,375,724,42002,0
6,2019,Cat E,2,381,380,536,39400,0
7,2019,Cat A,1,1431,1428,1795,28589,30512
7,2019,Cat A,2,1623,1617,1902,26667,30512
7,2019,Cat B,1,1141,1135,1390,34000,42885
7,2019,Cat B,2,1143,1140,1677,39406,42885
7,2019,Cat C,1,390,382,649,25089,27759
7,2019,Cat C,2,393,393,657,24599,27759
7,2019,Cat D,1,902,890,1141,3081,3267
7,2019,Cat D,2,900,897,1193,3554,3267
7,2019,Cat E,1,379,377,523,36901,0
7,2019,Cat E,2,375,367,751,39889,0
8,2019,Cat A,1,1059,1059,2023,32725,29328
8,2019,Cat A,2,1062,1062,1725,31917,29328
8,2019,Cat B,1,1047,1043,1487,40001,39936
8,2019,Cat B,2,1045,1043,1415,38602,39936
8,2019,Cat C,1,292,273,492,27800,26109
8,2019,Cat C,2,283,283,446,26501,26109
8,2019,Cat D,1,751,751,1040,4400,3214
8,2019,Cat D,2,742,574,1010,4301,3214
8,2019,Cat E,1,357,353,589,40512,0
8,2019,Cat E,2,363,353,593,40002,0
9,2019,Cat A,1,1056,1056,1656,31783,29485
9,2019,Cat A,2,1056,1053,1453,31759,29485
9,2019,Cat B,1,1046,1040,1289,36001,37941
9,2019,Cat B,2,1044,1042,1418,37000,37941
9,2019,Cat C,1,302,299,446,25502,25832
9,2019,Cat C,2,283,282,544,25556,25832
9,2019,Cat D,1,739,712,1086,4089,3571
9,2019,Cat D,2,907,893,1197,3601,3571
9,2019,Cat E,1,359,350,552,37912,0
9,2019,Cat E,2,365,350,632,40000,0
10,2019,Cat A,1,1057,1033,1659,34001,30574
10,2019,Cat A,2,1060,1056,1467,32309,30574
10,2019,Cat B,1,1048,1042,1559,41361,37502
10,2019,Cat B,2,1044,1037,1503,41805,37502
10,2019,Cat C,1,286,286,522,26509,25842
10,2019,Cat C,2,284,279,439,26001,25842
10,2019,Cat D,1,765,763,1036,3800,3838
10,2019,Cat D,2,753,746,989,3889,3838
10,2019,Cat E,1,364,358,601,41001,0
10,2019,Cat E,2,369,356,506,42020,0
11,2019,Cat A,1,1043,1031,1302,30000,32416
11,2019,Cat A,2,1023,1012,1468,32000,32416
11,2019,Cat B,1,1017,1016,1296,40009,39129
11,2019,Cat B,2,1019,1016,1331,39700,39129
11,2019,Cat C,1,318,318,440,25392,26312
11,2019,Cat C,2,322,322,495,24502,26312
11,2019,Cat D,1,693,691,831,4100,4014
11,2019,Cat D,2,698,692,974,3921,4014
11,2019,Cat E,1,383,376,587,40101,0
11,2019,Cat E,2,390,383,540,40889,0
12,2019,Cat A,1,1030,1013,1386,33009,31976
12,2019,Cat A,2,1029,1013,1256,32889,31976
12,2019,Cat B,1,1013,1003,1265,37900,39313
12,2019,Cat B,2,1015,1015,1251,36000,39313
12,2019,Cat C,1,318,315,402,23704,25577
12,2019,Cat C,2,318,307,441,23200,25577
12,2019,Cat D,1,693,678,908,3789,3900
12,2019,Cat D,2,697,696,850,3658,3900
12,2019,Cat E,1,384,377,518,38889,0
12,2019,Cat E,2,384,373,496,37989,0
1,2020,Cat A,1,1035,1026,1450,35320,32368
1,2020,Cat A,2,1034,1025,1390,35010,32368
1,2020,Cat B,1,1022,1021,1229,37109,39463
1,2020,Cat B,2,1012,1008,1157,37705,39463
1,2020,Cat C,1,321,321,457,24402,24885
1,2020,Cat C,2,329,292,504,25001,24885
1,2020,Cat D,1,707,706,1084,3989,3860
1,2020,Cat D,2,693,693,936,4610,3860
1,2020,Cat E,1,384,377,541,38000,0
1,2020,Cat E,2,388,388,528,37500,0
2,2020,Cat A,1,982,977,1204,30010,33038
2,2020,Cat A,2,982,973,1564,32999,33038
2,2020,Cat B,1,984,980,1173,30890,38071
2,2020,Cat B,2,987,978,1459,32889,38071
2,2020,Cat C,1,314,314,504,25013,24367
2,2020,Cat C,2,352,219,561,25001,24367
2,2020,Cat D,1,578,562,821,4401,4012
2,2020,Cat D,2,577,574,729,4309,4012
2,2020,Cat E,1,335,330,525,34900,0
2,2020,Cat E,2,328,324,550,33301,0
3,2020,Cat A,1,978,973,1436,32699,33207
3,2020,Cat A,2,982,962,1421,31210,33207
3,2020,Cat B,1,987,987,1347,32801,35416
3,2020,Cat B,2,992,943,1366,30012,35416
3,2020,Cat C,1,315,315,504,24202,24387
3,2020,Cat C,2,448,448,708,22002,24387
3,2020,Cat D,1,593,587,785,4310,4126
3,2020,Cat D,2,581,576,757,4489,4126
3,2020,Cat E,1,333,331,512,32500,0
3,2020,Cat E,2,331,324,503,32500,0
4,2020,Cat A,1,,,,,32875
4,2020,Cat A,2,,,,,32875
4,2020,Cat B,1,,,,,33568
4,2020,Cat B,2,,,,,33568
4,2020,Cat C,1,,,,,24271
4,2020,Cat C,2,,,,,24271
4,2020,Cat D,1,,,,,4352
4,2020,Cat D,2,,,,,4352
4,2020,Cat E,1,,,,,0
4,2020,Cat E,2,,,,,0
5,2020,Cat A,1,,,,,32875
5,2020,Cat A,2,,,,,32875
5,2020,Cat B,1,,,,,33568
5,2020,Cat B,2,,,,,33568
5,2020,Cat C,1,,,,,24271
5,2020,Cat C,2,,,,,24271
5,2020,Cat D,1,,,,,4352
5,2020,Cat D,2,,,,,4352
5,2020,Cat E,1,,,,,0
5,2020,Cat E,2,,,,,0
6,2020,Cat A,1,,,,,32875
6,2020,Cat A,2,,,,,32875
6,2020,Cat B,1,,,,,33568
6,2020,Cat B,2,,,,,33568
6,2020,Cat C,1,,,,,24271
6,2020,Cat C,2,,,,,24271
6,2020,Cat D,1,,,,,4352
6,2020,Cat D,2,,,,,4352
6,2020,Cat E,1,,,,,0
6,2020,Cat E,2,,,,,0
7,2020,Cat A,1,1289,1286,3061,33520,32875
7,2020,Cat A,2,1304,1290,2485,32699,32875
7,2020,Cat B,1,1291,1260,3160,35889,33568
7,2020,Cat B,2,1339,1316,2497,35001,33568
7,2020,Cat C,1,489,481,866,24502,24271
7,2020,Cat C,2,489,482,759,23888,24271
7,2020,Cat D,1,869,856,1611,7702,4352
7,2020,Cat D,2,869,864,1355,6510,4352
7,2020,Cat E,1,444,436,937,34989,0
7,2020,Cat E,2,448,438,714,35001,0
8,2020,Cat A,1,1022,1007,2047,33000,32190
8,2020,Cat A,2,1034,1019,2099,35710,32190
8,2020,Cat B,1,932,928,1985,37102,32914
8,2020,Cat B,2,923,912,1727,38802,32914
8,2020,Cat C,1,358,354,658,24100,24102
8,2020,Cat C,2,357,356,586,25006,24102
8,2020,Cat D,1,503,497,720,7701,5287
8,2020,Cat D,2,495,491,797,7432,5287
8,2020,Cat E,1,472,466,784,36502,0
8,2020,Cat E,2,474,467,764,38110,0
9,2020,Cat A,1,1035,1035,1737,37766,33140
9,2020,Cat A,2,1034,1031,1540,38504,33140
9,2020,Cat B,1,904,892,1715,41510,34935
9,2020,Cat B,2,912,912,1497,40989,34935
9,2020,Cat C,1,354,350,525,26644,23950
9,2020,Cat C,2,351,346,591,28589,23950
9,2020,Cat D,1,496,488,691,7399,6358
9,2020,Cat D,2,494,492,642,7331,6358
9,2020,Cat E,1,470,470,672,40790,0
9,2020,Cat E,2,471,468,671,41001,0
10,2020,Cat A,1,912,907,1272,36534,35200
10,2020,Cat A,2,916,907,1323,37334,35200
10,2020,Cat B,1,805,800,1218,40690,38216
10,2020,Cat B,2,793,793,1272,40990,38216
10,2020,Cat C,1,316,314,587,33089,25455
10,2020,Cat C,2,316,315,538,33778,25455
10,2020,Cat D,1,429,420,677,7451,7346
10,2020,Cat D,2,423,410,560,7300,7346
10,2020,Cat E,1,427,426,688,40301,0
10,2020,Cat E,2,430,373,672,39889,0
11,2020,Cat A,1,967,952,1262,35990,36475
11,2020,Cat A,2,972,966,1361,37690,36475
11,2020,Cat B,1,1013,985,1415,39000,40014
11,2020,Cat B,2,1007,1006,1559,41101,40014
11,2020,Cat C,1,370,370,558,31502,28535
11,2020,Cat C,2,369,367,597,30334,28535
11,2020,Cat D,1,533,532,727,7251,7436
11,2020,Cat D,2,537,532,679,7300,7436
11,2020,Cat E,1,464,463,683,39500,0
11,2020,Cat E,2,520,512,803,41503,0
12,2020,Cat A,1,978,978,1620,40714,37303
12,2020,Cat A,2,969,966,1403,40556,37303
12,2020,Cat B,1,1035,1019,1712,45012,40714
12,2020,Cat B,2,1009,998,1631,49300,40714
12,2020,Cat C,1,368,363,599,32889,30656
12,2020,Cat C,2,369,355,640,35201,30656
12,2020,Cat D,1,526,522,767,7670,7339
12,2020,Cat D,2,530,507,710,7689,7339
12,2020,Cat E,1,464,461,722,45510,0
12,2020,Cat E,2,471,469,688,49500,0
1,2021,Cat A,1,963,962,1280,40609,38137
1,2021,Cat A,2,966,946,1309,43501,38137
1,2021,Cat B,1,1023,1021,1396,49001,42683
1,2021,Cat B,2,1018,1018,1338,50100,42683
1,2021,Cat C,1,372,352,679,35900,32799
1,2021,Cat C,2,381,378,671,40999,32799
1,2021,Cat D,1,529,498,692,7501,7444
1,2021,Cat D,2,548,535,706,7589,7444
1,2021,Cat E,1,467,463,758,49489,0
1,2021,Cat E,2,466,458,705,51900,0
2,2021,Cat A,1,885,881,1098,42000,39844
2,2021,Cat A,2,903,900,1226,41001,39844
2,2021,Cat B,1,943,943,1107,46790,45586
2,2021,Cat B,2,942,938,1168,46002,45586
2,2021,Cat C,1,276,276,510,45001,34471
2,2021,Cat C,2,259,223,424,40890,34471
2,2021,Cat D,1,572,572,705,7506,7500
2,2021,Cat D,2,554,554,715,7500,7500
2,2021,Cat E,1,300,300,435,49778,0
2,2021,Cat E,2,304,302,503,47506,0
3,2021,Cat A,1,887,887,1175,41996,41397
3,2021,Cat A,2,886,879,1186,44589,41397
3,2021,Cat B,1,942,926,1121,45001,47701
3,2021,Cat B,2,946,932,1222,47001,47701
3,2021,Cat C,1,255,248,480,37513,38480
3,2021,Cat C,2,292,286,507,39589,38480
3,2021,Cat D,1,542,524,707,7752,7576
3,2021,Cat D,2,542,538,700,7791,7576
3,2021,Cat E,1,296,296,450,47001,0
3,2021,Cat E,2,298,291,430,47806,0
4,2021,Cat A,1,883,880,1212,45600,42283
4,2021,Cat A,2,890,883,1290,49640,42283
4,2021,Cat B,1,958,949,1524,52309,47316
4,2021,Cat B,2,956,949,1585,61190,47316
4,2021,Cat C,1,263,263,488,36134,39982
4,2021,Cat C,2,262,256,441,44001,39982
4,2021,Cat D,1,560,524,735,8000,7607
4,2021,Cat D,2,546,532,734,8000,7607
4,2021,Cat E,1,296,286,635,52200,0
4,2021,Cat E,2,303,295,633,62100,0
5,2021,Cat A,1,832,803,1100,48002,44138
5,2021,Cat A,2,835,834,1209,41801,44138
5,2021,Cat B,1,819,813,1244,60001,49716
5,2021,Cat B,2,817,817,1089,58089,49716
5,2021,Cat C,1,157,119,261,43001,40522
5,2021,Cat C,2,164,83,315,41701,40522
5,2021,Cat D,1,650,639,901,8011,7759
5,2021,Cat D,2,628,625,904,8701,7759
5,2021,Cat E,1,268,268,387,63002,0
5,2021,Cat E,2,266,260,400,62000,0
6,2021,Cat A,1,858,820,1439,48510,45272
6,2021,Cat A,2,830,823,1178,47821,45272
6,2021,Cat B,1,815,784,1107,60109,53932
6,2021,Cat B,2,809,799,983,56032,53932
6,2021,Cat C,1,195,190,413,37002,40324
6,2021,Cat C,2,238,229,478,37000,40234
6,2021,Cat D,1,626,624,776,8703,8043
6,2021,Cat D,2,618,577,864,8501,8043
6,2021,Cat E,1,259,259,331,61112,0
6,2021,Cat E,2,265,257,519,58001,0
7,2021,Cat A,1,867,864,1149,45001,46896
7,2021,Cat A,2,836,832,1240,47010,46896
7,2021,Cat B,1,840,840,1087,56100,57955
7,2021,Cat B,2,819,796,1107,59501,57955
7,2021,Cat C,1,162,159,340,38900,39807
7,2021,Cat C,2,166,163,337,39523,39807
7,2021,Cat D,1,616,612,760,8502,8320
7,2021,Cat D,2,655,649,863,8689,8320
7,2021,Cat E,1,259,257,416,57700,0
7,2021,Cat E,2,267,266,408,60001,0
8,2021,Cat A,1,805,804,1021,45189,46358
8,2021,Cat A,2,806,806,1127,46689,46358
8,2021,Cat B,1,771,751,980,56001,58306
8,2021,Cat B,2,794,793,1065,61001,58306
8,2021,Cat C,1,118,111,233,42589,39522
8,2021,Cat C,2,118,113,220,40010,39522
8,2021,Cat D,1,449,449,667,8899,8518
8,2021,Cat D,2,451,447,635,9500,8518
8,2021,Cat E,1,199,190,288,59599,0
8,2021,Cat E,2,198,197,408,64901,0
9,2021,Cat A,1,804,790,1124,47000,46704
9,2021,Cat A,2,803,795,1040,48000,46704
9,2021,Cat B,1,791,788,1080,62600,58124
9,2021,Cat B,2,772,768,1189,68310,58124
9,2021,Cat C,1,122,113,211,40001,39171
9,2021,Cat C,2,120,110,203,39000,39171
9,2021,Cat D,1,445,445,562,9689,8799
9,2021,Cat D,2,449,443,658,9089,8799
9,2021,Cat E,1,206,190,319,64700,0
9,2021,Cat E,2,198,186,400,70002,0
10,2021,Cat A,1,816,812,1077,47001,46482
10,2021,Cat A,2,811,806,1304,52709,46482
10,2021,Cat B,1,774,774,1130,70200,60586
10,2021,Cat B,2,774,767,1240,80210,60586
10,2021,Cat C,1,125,123,233,38890,40004
10,2021,Cat C,2,126,125,252,40501,40004
10,2021,Cat D,1,444,438,633,9052,9062
10,2021,Cat D,2,450,449,597,9310,9062
10,2021,Cat E,1,214,200,442,72756,0
10,2021,Cat E,2,210,191,391,85000,0
11,2021,Cat A,1,536,531,834,53709,47765
11,2021,Cat A,2,537,535,706,55001,47765
11,2021,Cat B,1,587,581,839,82801,66387
11,2021,Cat B,2,594,585,797,79601,66387
11,2021,Cat C,1,92,89,173,42001,40166
11,2021,Cat C,2,91,91,164,43502,40166
11,2021,Cat D,1,417,409,543,9381,9257
11,2021,Cat D,2,412,397,557,9381,9257
11,2021,Cat E,1,159,155,257,88000,0
11,2021,Cat E,2,164,133,253,86001,0
12,2021,Cat A,1,536,525,771,57010,50570
12,2021,Cat A,2,534,534,740,58801,50570
12,2021,Cat B,1,593,593,822,80401,73954
12,2021,Cat B,2,595,590,829,80989,73954
12,2021,Cat C,1,93,93,147,45000,40650
12,2021,Cat C,2,90,89,150,44000,40650
12,2021,Cat D,1,420,400,584,9401,9317
12,2021,Cat D,2,426,422,562,9601,9317
12,2021,Cat E,1,149,145,245,85000,0
12,2021,Cat E,2,177,177,241,83889,0
1,2022,Cat A,1,543,533,760,57599,54039
1,2022,Cat A,2,531,526,711,57898,54039
1,2022,Cat B,1,587,586,712,77700,79034
1,2022,Cat B,2,592,583,907,82001,79034
1,2022,Cat C,1,90,87,198,42200,42316
1,2022,Cat C,2,91,91,149,43001,42316
1,2022,Cat D,1,431,429,573,9689,9355
1,2022,Cat D,2,416,401,520,10000,9355
1,2022,Cat E,1,149,149,193,82501,0
1,2022,Cat E,2,145,145,226,83911,0
2,2022,Cat A,1,542,542,819,60761,56670
2,2022,Cat A,2,536,524,876,63000,56670
2,2022,Cat B,1,550,549,865,86102,80583
2,2022,Cat B,2,559,554,939,93590,80583
2,2022,Cat C,1,80,80,149,44001,43284
2,2022,Cat C,2,76,61,194,46501,43284
2,2022,Cat D,1,406,405,555,10010,9576
2,2022,Cat D,2,420,416,521,10589,9576
2,2022,Cat E,1,180,171,269,87000,0
2,2022,Cat E,2,180,180,300,93102,0
3,2022,Cat A,1,531,526,962,68501,59179
3,2022,Cat A,2,543,542,849,71556,59179
3,2022,Cat B,1,551,551,860,94889,83464
3,2022,Cat B,2,555,545,824,98889,83464
3,2022,Cat C,1,76,67,199,48889,44118
3,2022,Cat C,2,91,91,166,51504,44118
3,2022,Cat D,1,405,403,602,11400,9882
3,2022,Cat D,2,409,409,575,10501,9882
3,2022,Cat E,1,190,190,318,98890,0
3,2022,Cat E,2,180,177,344,99010,0
4,2022,Cat A,1,536,536,723,72996,63220
4,2022,Cat A,2,532,519,744,68699,63220
4,2022,Cat B,1,550,550,708,98389,88862
4,2022,Cat B,2,560,559,687,90002,88862
4,2022,Cat C,1,85,84,210,54901,46016
4,2022,Cat C,2,76,76,181,52002,46016
4,2022,Cat D,1,407,405,561,10503,10365
4,2022,Cat D,2,404,355,539,9801,10365
4,2022,Cat E,1,180,174,290,99999,0
4,2022,Cat E,2,184,182,295,95801,0
5,2022,Cat A,1,612,612,804,70901,67586
5,2022,Cat A,2,625,623,819,68001,67586
5,2022,Cat B,1,527,526,699,92090,93644
5,2022,Cat B,2,528,523,709,95889,93644
5,2022,Cat C,1,104,100,184,50890,49633
5,2022,Cat C,2,103,103,220,51501,49633
5,2022,Cat D,1,563,560,773,9489,10468
5,2022,Cat D,2,609,600,899,9490,10468
5,2022,Cat E,1,195,195,283,91112,0
5,2022,Cat E,2,191,187,309,95901,0
6,2022,Cat A,1,612,607,874,73801,70109
6,2022,Cat A,2,614,598,850,74989,70109
6,2022,Cat B,1,528,528,851,100684,95025
6,2022,Cat B,2,531,531,822,106001,95025
6,2022,Cat C,1,107,107,203,53002,51615
6,2022,Cat C,2,103,103,224,53011,51615
6,2022,Cat D,1,563,542,859,10000,10198
6,2022,Cat D,2,570,570,717,10302,10198
6,2022,Cat E,1,190,185,316,100697,0
6,2022,Cat E,2,194,190,276,104400,0
7,2022,Cat A,1,617,606,900,78001,71565
7,2022,Cat A,2,628,620,834,78899,71565
7,2022,Cat B,1,527,522,695,107800,97176
7,2022,Cat B,2,527,526,702,110003,97176
7,2022,Cat C,1,102,91,160,54001,52552
7,2022,Cat C,2,102,98,174,54889,52552
7,2022,Cat D,1,582,513,768,10889,9931
7,2022,Cat D,2,561,555,723,10910,9931
7,2022,Cat E,1,195,191,340,110524,0
7,2022,Cat E,2,194,194,317,114001,0
8,2022,Cat A,1,554,541,689,80000,74099
8,2022,Cat A,2,551,551,835,87889,74099
8,2022,Cat B,1,474,474,612,107001,102078
8,2022,Cat B,2,471,470,665,112001,102078
8,2022,Cat C,1,95,93,168,56089,52883
8,2022,Cat C,2,87,87,196,59090,52883
8,2022,Cat D,1,573,562,696,11000,10180
8,2022,Cat D,2,510,502,673,11101,10180
8,2022,Cat E,1,167,165,293,113000,0
8,2022,Cat E,2,163,151,273,112001,0
9,2022,Cat A,1,556,535,723,86000,78930
9,2022,Cat A,2,543,527,759,84000,78930
9,2022,Cat B,1,470,466,627,113000,107249
9,2022,Cat B,2,471,471,553,108051,107249
9,2022,Cat C,1,85,84,179,64989,55014
9,2022,Cat C,2,83,75,157,67001,55014
9,2022,Cat D,1,515,514,588,11301,10701
9,2022,Cat D,2,512,500,658,11589,10701
9,2022,Cat E,1,165,150,260,113299,0
9,2022,Cat E,2,176,176,297,107201,0
10,2022,Cat A,1,564,561,724,80501,82465
10,2022,Cat A,2,559,558,714,81089,82465
10,2022,Cat B,1,474,472,635,95856,109643
10,2022,Cat B,2,470,463,848,110000,109643
10,2022,Cat C,1,84,83,148,65991,59334
10,2022,Cat C,2,91,86,297,70201,59334
10,2022,Cat D,1,505,504,624,11751,11132
10,2022,Cat D,2,516,511,632,12801,11132
10,2022,Cat E,1,179,179,232,105001,0
10,2022,Cat E,2,164,160,285,108003,0
11,2022,Cat A,1,460,460,687,87235,83247
11,2022,Cat A,2,459,444,622,90589,83247
11,2022,Cat B,1,411,393,640,115388,107652
11,2022,Cat B,2,416,416,568,113881,107652
11,2022,Cat C,1,70,69,147,76302,63894
11,2022,Cat C,2,73,73,122,81802,63894
11,2022,Cat D,1,441,440,537,13189,11591
11,2022,Cat D,2,445,420,594,12589,11591
11,2022,Cat E,1,146,143,283,116577,0
11,2022,Cat E,2,150,149,242,114009,0
12,2022,Cat A,1,458,454,616,88503,84903
12,2022,Cat A,2,473,472,618,88007,84903
12,2022,Cat B,1,427,426,568,105501,109363
12,2022,Cat B,2,409,409,564,108006,109363
12,2022,Cat C,1,69,68,118,81501,71048
12,2022,Cat C,2,69,60,147,78200,71048
12,2022,Cat D,1,441,437,544,12100,12204
12,2022,Cat D,2,465,461,647,11690,12204
12,2022,Cat E,1,149,148,266,110524,0
12,2022,Cat E,2,146,143,273,109600,0
1,2023,Cat A,1,462,459,649,80000,85988
1,2023,Cat A,2,459,456,627,86000,85988
1,2023,Cat B,1,410,410,487,102002,108106
1,2023,Cat B,2,408,402,514,105459,108106
1,2023,Cat C,1,70,70,183,77301,75667
1,2023,Cat C,2,78,74,182,77109,75667
1,2023,Cat D,1,445,432,678,10890,12354
1,2023,Cat D,2,445,431,572,11101,12354
1,2023,Cat E,1,146,146,285,107889,0
1,2023,Cat E,2,149,147,248,107000,0
2,2023,Cat A,1,509,497,663,86000,86723
2,2023,Cat A,2,508,504,702,86556,86723
2,2023,Cat B,1,430,430,580,105524,108373
2,2023,Cat B,2,436,401,768,115001,108373
2,2023,Cat C,1,44,44,108,85119,78703
2,2023,Cat C,2,47,40,136,87790,78703
2,2023,Cat D,1,477,475,594,11602,11927
2,2023,Cat D,2,479,453,611,12189,11927
2,2023,Cat E,1,129,126,229,105002,0
2,2023,Cat E,2,132,129,274,118001,0
3,2023,Cat A,1,517,507,665,88000,85845
3,2023,Cat A,2,510,508,768,93503,85845
3,2023,Cat B,1,431,431,629,115501,106916
3,2023,Cat B,2,466,466,670,116201,106916
3,2023,Cat C,1,43,39,65,91101,81170
3,2023,Cat C,2,50,42,107,85389,81170
3,2023,Cat D,1,467,465,566,12390,11596
3,2023,Cat D,2,490,490,616,12001,11596
3,2023,Cat E,1,132,128,254,116000,0
3,2023,Cat E,2,132,125,265,116020,0
4,2023,Cat A,1,515,508,749,96501,86677
4,2023,Cat A,2,507,489,750,103721,86677
4,2023,Cat B,1,430,414,566,118501,109948
4,2023,Cat B,2,430,403,553,120889,109948
4,2023,Cat C,1,47,47,103,76801,83969
4,2023,Cat C,2,51,47,116,75334,83969
4,2023,Cat D,1,466,454,529,12001,11696
4,2023,Cat D,2,465,436,510,12179,11696
4,2023,Cat E,1,134,133,252,118990,0
4,2023,Cat E,2,137,136,252,124501,0
5,2023,Cat A,1,474,472,663,101001,92381
5,2023,Cat A,2,596,588,936,92000,92381
5,2023,Cat B,1,410,410,513,119399,115270
5,2023,Cat B,2,480,480,713,113034,115270
5,2023,Cat C,1,68,68,109,75589,83589
5,2023,Cat C,2,72,70,148,77501,83589
5,2023,Cat D,1,554,542,670,5002,12061
5,2023,Cat D,2,571,562,1438,10602,12061
5,2023,Cat E,1,125,125,271,124002,0
5,2023,Cat E,2,125,104,301,125000,0
6,2023,Cat A,1,581,571,881,98001,95788
6,2023,Cat A,2,586,583,751,96206,95788
6,2023,Cat B,1,454,437,719,120702,117255
6,2023,Cat B,2,454,446,622,121000,117255
6,2023,Cat C,1,68,60,151,81801,80286
6,2023,Cat C,2,71,71,178,83140,80286
6,2023,Cat D,1,555,519,972,11001,10696
6,2023,Cat D,2,551,543,796,10709,10696
6,2023,Cat E,1,124,118,280,120889,0
6,2023,Cat E,2,145,140,312,123000,0
7,2023,Cat A,1,588,587,756,97000,97905
7,2023,Cat A,2,581,576,728,95202,97905
7,2023,Cat B,1,471,470,594,118002,118921
7,2023,Cat B,2,462,453,602,118001,118921
7,2023,Cat C,1,77,69,147,82223,78361
7,2023,Cat C,2,69,69,133,82001,78361
7,2023,Cat D,1,579,550,846,10090,10249
7,2023,Cat D,2,551,550,840,10501,10249
7,2023,Cat E,1,130,119,217,121000,0
7,2023,Cat E,2,129,128,243,122110,0
8,2023,Cat A,1,632,618,949,99499,96569
8,2023,Cat A,2,636,616,908,100000,96569
8,2023,Cat B,1,470,469,853,126889,118357
8,2023,Cat B,2,478,451,731,129890,118357
8,2023,Cat C,1,122,121,222,82100,80376
8,2023,Cat C,2,114,114,180,82801,80376
8,2023,Cat D,1,522,443,759,11501,9651
8,2023,Cat D,2,495,486,654,11402,9651
8,2023,Cat E,1,140,140,237,126201,0
8,2023,Cat E,2,131,107,237,131000,0
9,2023,Cat A,1,645,640,840,101000,97652
9,2023,Cat A,2,651,635,864,105000,97652
9,2023,Cat B,1,470,466,723,134889,122414
9,2023,Cat B,2,496,494,735,140889,122414
9,2023,Cat C,1,115,115,182,82889,82345
9,2023,Cat C,2,114,114,153,83801,82345
9,2023,Cat D,1,573,569,758,10901,10868
9,2023,Cat D,2,502,494,639,10700,10868
9,2023,Cat E,1,130,120,219,137000,0
9,2023,Cat E,2,153,144,282,144640,0
10,2023,Cat A,1,785,779,1039,104000,99617
10,2023,Cat A,2,797,791,1028,106000,99617
10,2023,Cat B,1,474,472,643,146002,128094
10,2023,Cat B,2,472,458,623,150001,128094
10,2023,Cat C,1,114,112,191,85900,82636
10,2023,Cat C,2,114,112,186,84790,82636
10,2023,Cat D,1,497,494,661,10856,10850
10,2023,Cat D,2,502,474,632,11201,10850
10,2023,Cat E,1,140,140,261,152000,0
10,2023,Cat E,2,138,127,228,158004,0
11,2023,Cat A,1,924,915,1165,95689,102584
11,2023,Cat A,2,925,925,1291,85001,102584
11,2023,Cat B,1,636,631,830,110001,138094
11,2023,Cat B,2,648,638,1228,135336,138094
11,2023,Cat C,1,190,186,281,78001,83714
11,2023,Cat C,2,190,186,368,73889,83714
11,2023,Cat D,1,520,512,630,10889,11094
11,2023,Cat D,2,545,518,702,10001,11094
11,2023,Cat E,1,141,136,227,125011,0
11,2023,Cat E,2,151,144,323,135002,0
12,2023,Cat A,1,928,923,1233,88020,99449
12,2023,Cat A,2,919,915,1166,85000,99449
12,2023,Cat B,1,638,638,933,130100,136187
12,2023,Cat B,2,643,619,847,110001,136187
12,2023,Cat C,1,193,188,346,71001,81545
12,2023,Cat C,2,192,189,359,69423,81545
12,2023,Cat D,1,529,527,731,9858,10758
12,2023,Cat D,2,546,545,646,9002,10758
12,2023,Cat E,1,145,136,287,133388,0
12,2023,Cat E,2,147,147,228,118388,0
1,2024,Cat A,1,924,920,1184,65010,93952
1,2024,Cat A,2,923,921,1880,81589,93952
1,2024,Cat B,1,633,628,850,85010,130241
1,2024,Cat B,2,657,657,1308,112000,130241
1,2024,Cat C,1,193,192,340,67599,77168
1,2024,Cat C,2,191,187,394,68001,77168
1,2024,Cat D,1,523,514,666,9114,10302
1,2024,Cat D,2,520,491,615,9309,10302
1,2024,Cat E,1,149,140,263,106388,0
1,2024,Cat E,2,140,136,267,109004,0
2,2024,Cat A,1,938,910,1931,79000,83385
2,2024,Cat A,2,937,936,1909,76801,83385
2,2024,Cat B,1,655,596,1163,102338,113742
2,2024,Cat B,2,649,642,1034,97000,113742
2,2024,Cat C,1,196,191,366,72001,71319
2,2024,Cat C,2,199,192,374,73001,71319
2,2024,Cat D,1,530,528,717,9290,9696
2,2024,Cat D,2,548,548,689,8911,9696
2,2024,Cat E,1,163,159,305,100101,0
2,2024,Cat E,2,158,156,271,94006,0
3,2024,Cat A,1,963,923,1866,83000,79237
3,2024,Cat A,2,936,935,1922,85489,79237
3,2024,Cat B,1,708,704,1073,96010,106075
3,2024,Cat B,2,656,615,1066,96011,106075
3,2024,Cat C,1,200,198,303,75599,70171
3,2024,Cat C,2,202,202,313,70112,70171
3,2024,Cat D,1,520,518,646,9400,9248
3,2024,Cat D,2,521,516,629,9689,9248
3,2024,Cat E,1,159,150,282,95010,0
3,2024,Cat E,2,157,157,256,95856,0
4,2024,Cat A,1,975,970,1922,89000,78482
4,2024,Cat A,2,936,916,1390,94010,78482
4,2024,Cat B,1,653,645,1208,101334,98062
4,2024,Cat B,2,690,690,1008,102001,98062
4,2024,Cat C,1,197,196,365,67501,71053
4,2024,Cat C,2,195,193,332,68502,71053
4,2024,Cat D,1,520,510,610,10000,9286
4,2024,Cat D,2,522,514,625,9990,9286
4,2024,Cat E,1,164,161,333,101002,0
4,2024,Cat E,2,155,151,269,103249,0
5,2024,Cat A,1,968,968,1632,93604,84550
5,2024,Cat A,2,983,980,1444,92700,84550
5,2024,Cat B,1,666,638,1237,105002,99116
5,2024,Cat B,2,658,641,1099,105689,99116
5,2024,Cat C,1,206,181,350,70001,71120
5,2024,Cat C,2,207,198,382,72001,71120
5,2024,Cat D,1,528,528,630,9503,9547
5,2024,Cat D,2,526,523,604,9311,9547
5,2024,Cat E,1,177,169,317,104689,0
5,2024,Cat E,2,178,176,295,105002,0
6,2024,Cat A,1,962,957,1467,88200,89634
6,2024,Cat A,2,966,955,1403,90889,89634
6,2024,Cat B,1,685,671,974,100607,101008
6,2024,Cat B,2,674,670,1046,102334,101008
6,2024,Cat C,1,230,222,334,70589,70620
6,2024,Cat C,2,214,206,291,69900,70620
6,2024,Cat D,1,519,519,628,8989,9649
6,2024,Cat D,2,520,519,620,9002,9649
6,2024,Cat E,1,183,182,319,101600,0
6,2024,Cat E,2,177,175,301,100000,0
7,2024,Cat A,1,967,932,1429,91001,91401
7,2024,Cat A,2,973,972,1342,91899,91401
7,2024,Cat B,1,671,671,896,100901,102828
7,2024,Cat B,2,661,639,891,100000,102828
7,2024,Cat C,1,214,213,325,70001,69749
7,2024,Cat C,2,214,214,355,70601,69749
7,2024,Cat D,1,517,517,571,8900,9466
7,2024,Cat D,2,518,512,591,9089,9466
7,2024,Cat E,1,176,170,309,100889,0
7,2024,Cat E,2,177,177,300,100341,0
8,2024,Cat A,1,1013,1007,1570,94289,91383
8,2024,Cat A,2,978,966,1314,93900,91383
8,2024,Cat B,1,663,662,1150,106101,102423
8,2024,Cat B,2,686,686,985,105889,102423
8,2024,Cat C,1,218,218,312,71100,70516
8,2024,Cat C,2,216,215,333,72400,70516
8,2024,Cat D,1,517,513,599,9601,9133
8,2024,Cat D,2,523,522,614,9310,9133
8,2024,Cat E,1,178,175,322,105239,0
8,2024,Cat E,2,173,168,350,106001,0
9,2024,Cat A,1,1013,1007,1570,94289,91697
9,2024,Cat A,2,978,966,1314,93900,91697
9,2024,Cat B,1,663,662,1150,106101,102639
9,2024,Cat B,2,686,686,985,105889,102639
9,2024,Cat C,1,218,218,312,71100,70766
9,2024,Cat C,2,216,215,333,72400,70766
9,2024,Cat D,1,517,513,599,9601,9149
9,2024,Cat D,2,523,522,614,9310,9149
9,2024,Cat E,1,178,175,322,105239,0
9,2024,Cat E,2,173,168,350,106001,0
